flop_category,hand_category,boards_present,active_combos,reach_sum,mean_fold_frequency,mean_call_frequency,mean_raise_frequency,policy,mean_local_loss_bb,max_combo_loss_bb
ABB,Weak pair,6,336,3056.7233560000004,0.9103396370370369,0.08204597098765433,0.007614404012345678,F,0.015956036843239034,0.27213339366399997
ABB,Top pair,6,287,4295.064704,0.15843581582446808,0.8349282720153667,0.006635908687943262,C,0.017576883750730944,0.2985268
ABB,Air,6,128,587.5910020000001,1.0,0.0,0.0,F,0.0,0.0
ABB,Second pair,6,198,2513.0895079999987,0.1763607364672365,0.7980676172839506,0.02557163770180437,C,0.06012793294364294,0.6389370000000001
ABB,Gutshot,6,92,437.41311600000006,0.7398716069271911,0.25839349905106973,0.0017348864734299519,F,0.011987254010919641,0.44634995076000006
ABB,Third pair,6,122,962.6550959999998,0.15407582786596122,0.694838924691358,0.15108522660934742,C,0.04791417892632392,0.6958202
ABB,Two pair+,6,282,2560.1161589999997,0.0,0.9030646610396226,0.09693534204351385,C,0.0002486430732813514,0.06688011330000024
A[K/Q]x,Weak pair,16,910,11809.75637200001,0.7910639418844161,0.2087883483835531,0.0001477144597457627,F,0.005025252156529012,0.3765927360114
A[K/Q]x,Top pair,16,912,16247.947448,0.0,0.9860361589912279,0.013963843201754386,C,1.7537101923244305e-06,0.0015537074999997457
A[K/Q]x,Air,16,595,5130.474149000007,1.0,0.0,0.0,F,0.0,0.0
A[K/Q]x,Second pair,16,702,11369.13735,0.2866861298783937,0.6914945297574158,0.021819339886956383,C,0.0026837446119098796,0.1268627
A[K/Q]x,Two pair+,16,306,2829.375260999999,0.0,0.7480296938883074,0.251970295506878,C,0.002418838128266553,3.7725999999999997
A[K/Q]x,Third pair,12,102,202.72725000000008,0.009782306547619047,0.29359070171957674,0.6966270231481482,R,0.01945342210204295,0.18165999999999993
A[K/Q]x,Gutshot,16,591,4979.344147000004,0.0032006878472222223,0.9250711848162071,0.07172811825005222,C,0.0005772371223915746,0.2764992
ABB,OESD,3,17,122.443276,0.08747325,0.7799084166666667,0.13261837499999998,C,0.002816856471073358,0.1081525086136
ABB,Underpair,3,24,402.48209999999995,0.0,0.9364001111111112,0.06359994444444445,C,5.872085714781726e-05,0.0008339755679999783
A[K/Q]x,OESD,2,8,150.15130000000002,0.0,0.8819686250000001,0.1180315,C,9.230688261682147e-07,7.2074499996688244e-06
A[K/Q]x,Underpair,8,48,1284.6610999999998,0.02263964583333333,0.9773603541666667,0.0,C,0.00016449946302086348,0.006429226964999998
A[J-T][9-5],Weak pair,10,450,6846.875529999994,0.9529212761904763,0.04705042589285714,2.830208333333333e-05,F,0.0012375009853631506,0.0350671501593
A[J-T][9-5],Top pair,10,570,13878.685130000003,0.0,0.9792145456140352,0.020785456140350878,C,3.291634362667734e-05,0.009646852560000242
A[J-T][9-5],Air,10,320,4419.134658999995,1.0,0.0,0.0,F,0.0,0.0
A[J-T][9-5],Gutshot,10,468,5336.141045999997,0.08243011837301589,0.8168682376984127,0.10070162825396826,C,0.005384845972907537,0.405386
A[J-T][9-5],Third pair,10,101,490.834514,0.07264352837301588,0.49710538968253964,0.4302510458333334,C/R,0.010701011691603224,0.19226461547000007
A[J-T][9-5],OESD,5,84,689.1032220000002,0.0,0.53195568,0.46804433,C/R,0.0024060229489925133,0.21043001579000062
A[J-T][9-5],Two pair+,10,201,2687.9750019999997,0.0,0.6813592675133691,0.3186407120588235,C,0.0011709910965763495,0.7979999999999989
A[J-T][9-5],Second pair,10,306,4672.809684000001,0.26533418461279457,0.5707584098653198,0.16390740501683498,F/C,0.204661220450803,1.06639208646
A[J-T][9-5],Underpair,10,150,4347.903099999999,0.15308335833333334,0.8450952472222223,0.001821388888888889,C,0.0021920221407513672,0.0311257090254
A[J-T][4-2],Weak pair,6,270,4229.669745,0.8679401631944446,0.13205984424603176,0.0,F,0.0036801213595553128,0.23392279660199997
A[J-T][4-2],Top pair,6,342,7339.790599999998,0.0,0.989562350877193,0.01043766081871345,C,2.056936766715082e-06,0.0010067349899998135
A[J-T][4-2],Two pair+,6,109,908.9929240000001,0.0,0.6793989972910217,0.3206010114809082,C,0.003262300025831391,2.4131
A[J-T][4-2],Third pair,2,3,0.000612,0.0,0.972229,0.027771,C,0.0,0.0
A[J-T][4-2],Air,6,300,3325.6326289999993,1.0,0.0,0.0,F,0.0,0.0
A[J-T][4-2],Second pair,6,187,2533.1424559999996,0.04898426852394916,0.8050908200553925,0.14592487877158683,C,0.00039836829184061804,0.26211046463999993
A[J-T][4-2],Gutshot,6,302,2633.3392479999993,0.01113533251633987,0.9184309820261435,0.07043367177287582,C,0.00012732002471396134,0.060103568678999866
A[J-T][4-2],Underpair,6,90,2481.4023999999995,0.0459505,0.9539991805555555,5.0333333333333335e-05,C,0.0001951388159948015,0.0046270729608
A[9-7]x,Weak pair,18,552,5170.599463999993,0.5436251600308643,0.4458872040123456,0.010487644753086419,F/C,0.04203897140997201,0.45767689999999994
A[9-7]x,Top pair,18,1188,27376.761690000076,0.0007881624579124579,0.9968835505050505,0.0023282887205387202,C,1.7918685671007061e-07,0.00013046800000040548
A[9-7]x,Air,18,1968,30734.127301999968,0.8562511407942633,0.1368440402221161,0.00690481586624165,F,0.015879636579326846,0.6370827629790001
A[9-7]x,Gutshot,16,128,791.8462309999999,0.0,0.8659063368055556,0.13409364583333336,C,0.0003207519956361634,0.1697135759200002
A[9-7]x,OESD,7,37,213.01796299999998,0.0,0.9029296750000001,0.09707032500000001,C,5.231880609840988e-05,0.0053114919999998735
A[9-7]x,Third pair,12,88,264.7381489999999,0.005237931818181819,0.5225413394570706,0.47222063150252525,C/R,0.02643585659037454,0.12790627563
A[9-7]x,Two pair+,18,202,2369.1859959999997,0.0,0.8731147878510379,0.12688521343101342,C,3.665157150188334e-05,0.06366646865999996
A[9-7]x,Second pair,18,228,1833.2094550000006,0.002500819444444444,0.579441286419753,0.41805790061728393,C/R,0.008404037200829936,0.22962500000000005
A[9-7]x,Underpair,18,528,14541.177000000001,0.007837631944444444,0.9875584825617284,0.004603878086419754,C,0.00011022100009311891,0.025619601984000002
A[6-2]x,Weak pair,9,112,148.74018499999997,0.0957445864197531,0.780250860670194,0.12400459964726629,C,0.003387533524868553,0.0515034459576
A[6-2]x,Top pair,10,660,14940.235879999998,0.0,0.9938035015151513,0.006196492424242423,C,0.0,0.0
A[6-2]x,Third pair,2,9,17.96035,0.0,0.34297666666666665,0.6570233333333333,R,0.04592734116726334,0.07944776453000006
A[6-2]x,Two pair+,10,124,792.0627660000002,0.0,0.47637998728021974,0.5236200281043957,C/R,0.06761368507823748,2.3400499999999993
A[6-2]x,Second pair,9,75,109.32578000000002,0.0,0.1648318827160494,0.8351681265432098,R,0.005575585770668683,0.08846364141999992
A[6-2]x,Underpair,10,480,12020.62027200001,0.006932056097883599,0.9660587411904761,0.027009215416666666,C,0.000209107026931108,0.020280412899999996
A[6-2]x,OESD,4,15,17.259558,0.0,0.8474898958333333,0.15251016666666667,C,3.375329788867938e-09,0.00026723257000043076
A[6-2]x,Air,10,1252,19625.894959000045,0.880052546755756,0.11907818984780845,0.0008692616320171764,F,0.013378110043608404,0.552921396101
A[6-2]x,Gutshot,8,47,188.24815499999997,0.0,0.9322394375,0.06776057812500001,C,9.152799309805673e-05,0.22247941299000046
BBB,Weak pair,4,204,1914.9957440000014,0.9384398402777777,0.06129313194444444,0.0002670277777777778,F,0.11946234083016787,2.28457862166
BBB,Gutshot,4,140,1174.3223759999998,0.7336511892361111,0.26345421180555556,0.002894592881944444,F,0.004515329548652426,0.0855208570672
BBB,Air,4,68,337.90704500000004,1.0,0.0,0.0,F,0.0,0.0
BBB,Top pair,4,144,1920.7788099999996,0.13516155769230767,0.8627596267806268,0.002078806267806268,C,0.017865441600343545,0.37072910000000003
BBB,OESD,3,26,124.15528699999999,0.333339253968254,0.6299047301587302,0.03675601587301587,F/C,0.3395905422405815,0.632755
BBB,Two pair+,4,214,1806.5684790000005,0.0,0.9790351451434349,0.020964874241913747,C,7.1024013467670895e-06,0.03859254959999987
BBB,Third pair,4,99,1288.5941310000003,0.19349087579365082,0.8021800436507937,0.0043290380952380955,C,0.013072886902629149,0.5791381999999999
BBB,Second pair,4,108,1518.2473830000004,0.04701636111111111,0.9478848703703704,0.005098768518518518,C,0.005402209726128177,0.22989160000000003
BBB,Overpair,4,30,256.20387000000005,0.0,0.9918628541666668,0.008137145833333335,C,0.0,0.0
BBx,Weak pair,47,2160,32668.34436299999,0.8061953631089271,0.19314820685886067,0.0006564276188946134,F,0.06402828561918378,3.3870199999999997
BBx,Air,47,2280,31066.329888000022,1.0,0.0,0.0,F,0.0,0.0
BBx,Top pair,47,2070,35146.79988300003,0.00011089671985815602,0.9839607233400726,0.015928374231143627,C,2.0106875955096076e-05,0.04961200304000002
BBx,Third pair,47,377,3378.3156759999997,0.06040771537304303,0.6991919810909833,0.24040032077154522,C,0.023927702574324576,0.6750599999999999
BBx,Gutshot,47,1876,22925.045019999987,0.08444432023080348,0.8610764657152836,0.05447921105891743,C,0.029802744358115817,1.6406437
BBx,Two pair+,47,797,5058.168456,0.0,0.3663896881051161,0.6336103103868557,C/R,0.02626107731782476,1.58365
BBx,Second pair,47,1588,28247.73547100006,0.027820164637568895,0.9169976393458638,0.05518219287379779,C,0.0004248463865547384,0.37293044602
BBx,Overpair,47,462,6593.764127000001,0.0,0.9649933871158395,0.035006613475177306,C,6.0787655831160835e-05,0.010939012370000967
BBx,OESD,46,798,10410.682844999998,0.0,0.8012603685623708,0.19873962510998955,C,0.00068724426982744,0.32272999999999996
BBB,Underpair,1,6,113.96590000000002,0.0,0.999946,5.4000000000000005e-05,C,0.0,0.0
BBx,Underpair,24,192,4814.056999999998,0.0,0.9946101458333333,0.005389857638888888,C,2.625114047011759e-06,0.0004215781650000139
K/Qx con,Weak pair,12,252,1835.8685039999993,0.7389516203703703,0.26104837685185184,0.0,F,0.04768810995580622,0.351427
K/Qx con,Air,14,1635,40263.76892200004,0.7642428029885354,0.19680880588156086,0.03894839173760665,F,0.04815553288131953,0.79718458879
K/Qx con,Gutshot,13,217,3258.605753000001,0.02417940384615385,0.4420323113687783,0.5337882773064354,C/R,0.01866201757685856,0.22764999999999985
K/Qx con,Top pair,14,768,16685.863600000015,0.0,0.9212673252189034,0.07873267457474219,C,0.0005576032965228317,0.1467500000000001
K/Qx con,OESD,14,76,432.9518350000002,0.0,0.22162608928571426,0.7783739107142857,R,0.008177579128078826,0.21991199999999997
K/Qx con,Third pair,14,96,1837.5847820000006,0.0,0.5931069198412697,0.40689309603174595,C/R,0.010563278445316465,0.18608350000000007
K/Qx con,Two pair+,14,162,1791.0420650000003,0.0,0.13827033146167558,0.8617296668067226,R,0.019922638201770933,0.22978999999999986
K/Qx con,Second pair,14,120,2051.770719999999,0.0,0.39889284007936504,0.6011071599206349,C/R,0.006331531030132578,0.34848
K/Qx con,Underpair,14,462,14035.137209999999,0.0025067633928571426,0.9593299890022673,0.038163247836356766,C,3.4816827957178376e-05,0.015437841999999957
K/Qx con,Overpair,14,126,2409.451713000001,0.0,0.475839755952381,0.524160238095238,C/R,0.008240529383351927,0.25625
K/Qx dis,Weak pair,42,1070,13000.118746000007,0.5251815321334202,0.44898237013171916,0.025836091796678257,F/C,0.07535539263957328,0.378397
K/Qx dis,Air,42,4997,111039.97753000016,0.749361268989267,0.20468997802578187,0.045948752998848395,F,0.050557617285431886,0.862593
K/Qx dis,Gutshot,34,638,6823.066031000003,0.0,0.4069667522408964,0.593033242346522,C/R,0.0037672972822745876,0.28635999999999984
K/Qx dis,Top pair,42,2298,44870.98250399997,0.0,0.9412188057625538,0.05878119363053703,C,0.00026426983391105314,0.14154999999999945
K/Qx dis,Third pair,42,246,4430.717592999999,0.0,0.5484234507936507,0.4515765313492064,C/R,0.006181736214709099,0.15037937733
K/Qx dis,OESD,16,83,897.8301270000001,0.0,0.28692640104166667,0.7130736145833334,R,0.0024026820706873632,0.012350720469999743
K/Qx dis,Two pair+,42,405,3547.0386550000007,0.0,0.05188162353156101,0.9481183797799424,R,0.0018319895768323657,0.28429999999999894
K/Qx dis,Second pair,42,552,7056.333479000002,0.0,0.3793334287792895,0.6206665824640969,C/R,0.006930111616651106,0.268515
K/Qx dis,Underpair,42,1050,32961.12700000001,0.0012192364890400607,0.9868176073743387,0.011963157152305367,C,1.5456839910655148e-05,0.0035550250960000086
K/Qx dis,Overpair,42,373,5295.8020430000015,0.0,0.40721030952380954,0.5927896884920636,C/R,0.005588121654973521,0.25234999999999985
K/Qx con,2 overcards + BDFD,7,21,872.4717000000002,0.04469271428571429,0.8594532380952381,0.09585399999999998,C,1.6695506943689452e-05,0.00030571020000005336
K/Qx dis,2 overcards + BDFD,21,63,2656.8363999999992,0.0,0.9189160952380953,0.08108387301587301,C,0.00027673264007012523,0.00788909320000002
[J-8]x con,Weak pair,22,444,4256.979839999997,0.7213309956529581,0.27866900434704184,0.0,F,0.3859129731511373,2.7647500000000003
[J-8]x con,Air,26,2907,122497.03493000029,0.8841578424959967,0.09578561215122786,0.020056541565533523,F,0.006000107203023631,0.4324288974049999
[J-8]x con,Gutshot,26,671,24458.04061699999,0.13328428502487097,0.3150740605399809,0.5516416585430194,C/R,0.06010665698500929,1.8331112
[J-8]x con,OESD,24,292,8644.813999000007,0.011347058854166668,0.2252810183449074,0.7633719424189814,R,0.015837555066002363,1.3918709
[J-8]x con,Two pair+,26,386,9745.350190000012,0.0,0.20561084100397792,0.7943891717271165,R,0.031613652836204945,1.1436199999999999
[J-8]x con,Third pair,26,183,5734.327345,0.01147575,0.8158949587606836,0.1726293297008547,C,0.003599095503751395,0.3797485
[J-8]x con,Second pair,26,252,7024.035566000006,0.014033009122287969,0.6609901613740958,0.32497682202498357,C,0.006338892381547137,0.1635845
[J-8]x con,Top pair,26,819,25748.225290000017,0.003891878369493754,0.7616954583427257,0.23441266426458157,C,0.0007439834227447441,0.48995000000000033
[J-8]x con,Overpair,26,672,34067.79149999998,0.0,0.6879542196581198,0.3120457730769231,C,0.00013751424736478687,0.007870840370000565
[J-8]x con,Underpair,22,444,18829.114619999986,0.0019852810245310245,0.8923665542027418,0.10564815389610391,C,0.0001371637856594814,0.01296211227999997
[J-8]x con,2 overcards + BDFD,25,489,26258.991800000007,0.1949333186666666,0.6260634142222221,0.17900327911111108,F/C,0.16600666925088553,0.5456419756099999
[J-8]x dis,Weak pair,67,1602,25853.177459999995,0.5281325988805973,0.46909599473466007,0.0027714058457711443,F/C,0.3248897924329595,2.3461417084800003
[J-8]x dis,Air,67,8152,322755.0311929999,0.8530988529461925,0.11674060729598651,0.030160535937174344,F,0.008830581759598496,0.64316672118
[J-8]x dis,Gutshot,66,1344,36457.29412000001,0.02058154756657484,0.31559158508734514,0.6638268689833945,R,0.025474999551635465,2.3726635000000003
[J-8]x dis,Third pair,67,390,11644.417737000002,0.0017138524875621893,0.6145464701492537,0.3837396870646766,C/R,0.03206990745860977,0.3695627
[J-8]x dis,OESD,53,556,9816.17783399999,0.0,0.29513994412623523,0.7048600362982929,R,0.0015965190600095228,0.10751010653000037
[J-8]x dis,Two pair+,67,684,15846.137721000003,0.0,0.1327074243477915,0.8672925685447224,R,0.0034279566326955537,0.31110000000000043
[J-8]x dis,Second pair,67,882,20554.512118,0.0,0.6992658875621892,0.30073411633499175,C,0.00116966812099503,0.29712999999999995
[J-8]x dis,Underpair,52,726,33831.53120000003,0.001160962126068376,0.942789506196581,0.056049535042735035,C,6.761517891805804e-05,0.00395179373200003
[J-8]x dis,Top pair,67,2190,65606.66620799997,0.0,0.7783632228582361,0.22163677953091687,C,0.00021304016472803826,0.5790100000000002
[J-8]x dis,Overpair,67,1692,77236.12209999994,0.0,0.6755272418739637,0.3244727616086235,C,0.0001432789023230837,0.0075627335299998325
[J-8]x dis,2 overcards + BDFD,67,1260,63424.973299999925,0.07311770794045647,0.7069297566216535,0.21995254132906886,C,0.0032285900429569374,0.1865067
[7-4]x,Weak pair,16,180,1175.63377,0.24265955729166666,0.6970765972222223,0.060263855902777774,C,0.04340440993427823,0.3795113
[7-4]x,Air,20,2368,113631.48800899988,0.9012206756874814,0.09317045668511867,0.0056088639389237785,F,0.0076380200531181285,0.237721
[7-4]x,Gutshot,20,604,30223.344810000017,0.08527510643610012,0.31351403636116604,0.601210860581357,C/R,0.029294497206342952,0.4833845
[7-4]x,Third pair,20,69,3690.5528999999997,6.666666666666667e-07,0.6583668333333333,0.34163250000000006,C,0.0005354533587010335,0.00976646545700004
[7-4]x,OESD,17,140,4870.7293310000005,0.0,0.1235663382352941,0.8764336568627451,R,0.0007099188176192118,0.005764456400000029
[7-4]x,Two pair+,20,252,5988.046262000002,0.0,0.10224035984428712,0.897759648652445,R,0.003943622966896196,0.3451599999999999
[7-4]x,Second pair,20,144,5441.527236,0.0,0.6963741361111111,0.3036258472222222,C,0.00024571791160167523,0.22823999999999955
[7-4]x,Top pair,20,225,6414.786534000005,0.0,0.44142824750000004,0.5585717422222223,C/R,0.00126037328730235,0.12035499999999999
[7-4]x,Overpair,20,930,57692.43439999996,0.0,0.6986505102480158,0.3013494864781746,C,0.00013224858145423156,0.004808586880000121
[7-4]x,2 overcards + BDFD,20,1008,53748.69792000004,0.470017094688691,0.4014061554463774,0.12857675044784772,F/C,0.08303556374251217,0.5847800000000001
[7-4]x,Underpair,10,90,2130.3448499999995,0.0,0.8935462722222223,0.10645372777777777,C,8.164231629004681e-05,0.011944823199999632
