flop_class,hand_category,boards_present,active_combos,reach_sum,mean_check_frequency,mean_bet_frequency,policy,mean_frequency_distance,mean_local_loss_bb,max_combo_loss_bb
ABB,Weak pair,6,288,32752.240500000004,0.11334991319444444,0.8866500972222222,B,0.11334990798611105,1.4624123440716078e-05,0.0024036303400002622
ABB,Top pair,6,48,10025.886999999999,0.09988683333333333,0.9001131666666667,B,0.09988683333333331,9.680625477348118e-05,0.0011822151600000552
ABB,Top pair + BDFD,6,96,20050.203999999998,0.24765025,0.7523497499999999,B,0.24765025000000004,0.0006409561160466462,0.013783486880000594
ABB,Air,6,32,1342.5395740000004,0.6323959333333333,0.3676040666666667,X/B,0.29264321874999993,0.006529708883818623,0.024991474299999795
ABB,Air + BDFD,6,96,4048.184217999999,0.3716253138888889,0.6283746842592594,X/B,0.24086672916666652,0.002814618675258604,0.01928021732000005
ABB,Second pair,6,18,2464.7143,0.17898956666666666,0.8210104333333333,B,0.2336463888888889,0.0004745065288207201,0.003660799560000072
ABB,Second pair + BDFD,6,36,4939.4439,0.47952980000000006,0.5204702166666667,X/B,0.14464873611111106,0.001086012409891681,0.00368102531999952
ABB,Air + Gutshot,6,26,2982.932432,0.10270494444444445,0.8972950555555556,B,0.08278888461538464,7.177671072661258e-06,0.021261772200000452
ABB,Air + Gutshot + BDFD,6,78,8969.35333,0.11624226851851853,0.8837577129629629,B,0.14079089743589743,1.1477266896747384e-05,0.0021518756800002594
ABB,Third pair,6,9,864.955219,0.02468266666666667,0.9753173333333333,B,0.027838000000000012,3.262102027717915e-07,0.000644944049999907
ABB,Third pair + BDFD,6,18,1734.866368,0.162598875,0.8374011666666666,B,0.20612191666666668,1.0612396393863025e-05,0.019180036979999926
ABB,Weak pair + Gutshot,5,48,10373.453000000001,0.06587283333333334,0.9341271833333333,B,0.06604428125000002,1.8551226469371252e-07,8.863109999879271e-06
ABB,Two pair+,6,257,46338.777500000026,0.11614048916322382,0.8838595144599647,B,0.11700465175097273,7.3428560547473e-05,0.036136819589999904
ABB,Third pair + Gutshot,6,84,8251.321,0.10277584545454545,0.8972241462121212,B,0.09924100595238092,0.00012332322088443528,0.0051495334800002015
ABB,Second pair + Gutshot,6,120,19596.099700000002,0.37915341666666663,0.620846575,X/B,0.16713172916666652,0.0012085739450793359,0.01619934680000057
ABB,Top pair + Gutshot,6,120,25417.493000000002,0.10637038333333333,0.8936296333333332,B,0.10637037499999996,9.544204208343801e-06,0.0006571862000001261
ABB,Two pair+ + BDFD,6,36,7698.420999999999,0.005028527777777778,0.9949714722222222,B,0.005028527777777775,0.0,0.0
ABB,Second pair + Gutshot + BDFD,6,24,5149.83,0.07022195833333335,0.9297780833333333,B,0.0702219375,5.103221201779355e-06,0.00012269759999981034
ABB,Top pair + Gutshot + BDFD,6,24,5070.090999999999,0.0027702083333333333,0.9972297916666667,B,0.0027702083333333363,2.1877801680973716e-06,4.735502999935193e-05
ABB,Third pair + Gutshot + BDFD,6,24,5177.200999999999,0.10313191666666666,0.8968680833333332,B,0.10313191666666666,0.0001155893777991479,0.0015989327999996305
A[K/Q]x,Weak pair,16,912,129321.87209999998,0.3618425550925926,0.6381574349537036,X/B,0.2705204303728067,0.0010692898131884052,0.02933999999999983
A[K/Q]x,Top pair,16,592,125793.25600000005,0.29445330912162165,0.7055466858108108,B,0.29445331165540534,0.0007349410014121169,0.017167458659999822
A[K/Q]x,Top pair + BDFD,16,320,67624.59400000004,0.3164171125,0.6835828906250001,B,0.31641711093749997,0.0005063003933120073,0.007308145039999658
A[K/Q]x,Air,16,149,12040.605115999997,0.6796909388410199,0.32030906770885365,X,0.34444996979865766,0.0019393247537198607,0.030999906999999993
A[K/Q]x,Air + BDFD,16,447,36250.52016000002,0.5257836022095961,0.47421638340981936,X/B,0.23332004921700233,0.0012664369318164219,0.04915500000000002
A[K/Q]x,Second pair,16,522,77681.98019999998,0.45238644278598533,0.5476135571558461,X/B,0.1955774559386974,0.0008703881768947258,0.03633000000000024
A[K/Q]x,Second pair + BDFD,16,180,33082.2524,0.4533792220982143,0.54662078515625,X/B,0.25253299722222217,0.0013403813965825653,0.03119000000000014
A[K/Q]x,Third pair,12,36,2357.338019,0.0056988874999999994,0.9943011125,B,0.007562055555555556,5.687146148231686e-05,0.00060919924000018
A[K/Q]x,Third pair + BDFD,12,72,4733.425462000003,0.008744464583333332,0.9912555562500001,B,0.007486381944444443,0.0,0.0
A[K/Q]x,Two pair+,16,294,57247.10970000003,0.0034235944809941515,0.9965764091739766,B,0.0033983622448979594,3.086588820828663e-08,8.328499998810911e-06
A[K/Q]x,Two pair+ + BDFD,16,38,7665.3365,0.03195538541666666,0.9680446041666666,B,0.03046886842105263,0.0,0.0
A[K/Q]x,Air + Gutshot,16,437,50608.516983000045,0.14164653968253968,0.8583534466765873,B,0.14222512356979403,0.00010184424450621712,0.0014577152000001092
A[K/Q]x,Air + Gutshot + BDFD,16,159,31362.368124999975,0.04189311284722222,0.9581068975694447,B,0.04247585534591194,1.3857621193794935e-05,0.00028865250000009723
ABB,Air + OESD,3,5,483.647647,0.23683633333333334,0.7631636666666667,B,0.20700239999999998,0.0003170928783039941,0.002153913480000114
ABB,Air + OESD + BDFD,3,15,1455.7036829999997,0.1343826111111111,0.8656173888888888,B,0.14752926666666666,0.00023184955651198304,0.005658541999999755
ABB,Underpair + Gutshot,3,24,5144.913,0.17257066666666668,0.827429388888889,B,0.17732439583333334,0.0,0.0
A[K/Q]x,Air + OESD,2,2,435.92600000000004,0.006035,0.993965,B,0.0060350000000000065,0.0,0.0
A[K/Q]x,Air + OESD + BDFD,2,6,1309.0130000000001,0.0041455,0.9958543333333334,B,0.004145583333333321,0.0,0.0
A[K/Q]x,Underpair,8,48,10343.701000000001,0.8759029166666666,0.12409708333333333,X,0.12409708333333334,0.0005712033754058002,0.004124292480000236
A[J-T][9-5],Weak pair,10,450,50989.09860000002,0.3646284392857143,0.6353715520833334,X/B,0.2733698133333334,0.00166810883976271,0.03986000000000019
A[J-T][9-5],Top pair,10,370,78181.41699999993,0.45750419999999997,0.5424958054054054,X/B,0.1322696351351352,0.0006361342926976544,0.016109999999999756
A[J-T][9-5],Top pair + BDFD,10,200,41983.994,0.4676526549999999,0.5323473250000001,X/B,0.25257030499999983,0.003955531194654546,0.043175000000000095
A[J-T][9-5],Air,10,80,8282.610444000004,0.5149409142207793,0.48505908577922074,X/B,0.23684828749999992,0.001401065009207386,0.044709999999999896
A[J-T][9-5],Air + BDFD,10,240,24956.692542999994,0.5455431675577201,0.45445682511544006,X/B,0.24730574375000006,0.0008772133660533124,0.04251499999999986
A[J-T][9-5],Air + Gutshot,10,351,54178.11201,0.30340845632066665,0.6965915401079047,B,0.29859766239316204,0.00032083028968730315,0.06940999999999989
A[J-T][9-5],Air + Gutshot + BDFD,10,117,19639.493734000007,0.06978055833333333,0.9302194416666667,B,0.0674785811965812,2.49289709124548e-05,0.002257027920000354
A[J-T][9-5],Third pair,10,37,2869.0750309999994,0.09497562499999998,0.9050243499999999,B,0.09830487837837837,0.0005641496796629271,0.006584363829999873
A[J-T][9-5],Air + OESD,5,57,4365.156457,0.08455574285714287,0.9154442571428572,B,0.1038403859649123,2.941922050857138e-06,5.930028000022958e-05
A[J-T][9-5],Air + OESD + BDFD,5,27,3537.405270000001,0.009456166666666665,0.9905438333333333,B,0.010506851851851857,0.0,0.0
A[J-T][9-5],Third pair + BDFD,10,74,5762.219588999999,0.0714663025,0.9285336975,B,0.07630968918918919,0.00012644862212285506,0.0008878558500001077
A[J-T][9-5],Two pair+,10,183,37328.444895,0.015886216374269006,0.9841137888888888,B,0.01606486612021857,0.0,0.0
A[J-T][9-5],Two pair+ + BDFD,10,23,4530.323798999999,0.10518718333333332,0.8948128166666667,B,0.10195730434782609,9.744014788759937e-05,0.001138946669999541
A[J-T][9-5],Second pair,10,222,26115.948043000015,0.49280175061170717,0.5071982580839451,X/B,0.1828704504504506,0.000672432674093368,0.03658500000000018
A[J-T][9-5],Second pair + BDFD,10,84,14903.367994999993,0.33563278249999995,0.6643671950000001,B,0.3290600595238094,0.00019781657624029343,0.0035351062600000203
A[J-T][9-5],Underpair,10,150,32285.809,0.9075713638888889,0.09242863611111111,X,0.08668893333333337,9.926445987990219e-05,0.0008974977899995906
A[J-T][4-2],Weak pair,6,270,35950.02099999999,0.40762545039682546,0.5923745386904762,X/B,0.35369256851851866,0.010575258448259815,0.07528500000000023
A[J-T][4-2],Top pair,6,222,46974.07599999998,0.5306410765765764,0.4693589189189189,X/B,0.1496921824324325,0.00048546217577442066,0.0043832901000001815
A[J-T][4-2],Top pair + BDFD,6,120,25331.01,0.557548825,0.442451175,X/B,0.25126255833333333,0.0026692102621350003,0.028464999999999917
A[J-T][4-2],Two pair+,6,108,19403.75599999999,0.02058590740740741,0.9794140925925926,B,0.020585907407407403,5.552495668595331e-06,0.00013756392000061624
A[J-T][4-2],Third pair,2,2,112.503,0.0,1.0,B,0.0,0.0,0.0
A[J-T][4-2],Third pair + BDFD,2,4,225.51960000000003,0.0,1.0,B,0.0,0.0,0.0
A[J-T][4-2],Two pair+ + BDFD,6,12,2490.588,0.08409024999999999,0.91590975,B,0.08409025000000002,0.00040163620916881543,0.002368609759999174
A[J-T][4-2],Air,6,75,7086.205256999999,0.4482582382478632,0.551741733974359,X/B,0.2670688133333333,0.0015389585434676968,0.02399597412000034
A[J-T][4-2],Air + BDFD,6,225,21327.823702999995,0.5139137539173789,0.48608625071225076,X/B,0.2614752599999998,0.0009831103779415053,0.020303653680000266
A[J-T][4-2],Second pair,6,135,15778.920714999995,0.797002959486166,0.20299701811594204,X,0.20217894444444448,0.00021318683647288464,0.016410000000000126
A[J-T][4-2],Second pair + BDFD,6,54,9210.381453,0.44505941666666665,0.5549405625,X/B,0.29602693518518514,0.003658856709423479,0.0501650000000005
A[J-T][4-2],Air + Gutshot,6,238,34568.206,0.3965950621794871,0.6034049336538462,X/B,0.1899075399159664,0.00013935389189111716,0.011229999999999763
A[J-T][4-2],Air + Gutshot + BDFD,6,66,12287.557599999998,0.008386925925925926,0.9916130462962962,B,0.008603727272727273,2.175595142238473e-07,1.2468749999783314e-05
A[J-T][4-2],Underpair,6,90,19350.507999999998,0.9554653564814816,0.044534652777777774,X,0.038228605555555545,8.464122264252782e-05,0.0010270093400002623
A[9-7]x,Weak pair,18,552,45231.77350000003,0.6118713604938271,0.38812863657407404,X/B,0.4066159347826083,0.013115457292641792,0.0777700000000003
A[9-7]x,Top pair,18,828,174190.86200000005,0.6087266968599034,0.3912732946859903,X/B,0.21362401871980669,0.001620048210575198,0.05669499999999985
A[9-7]x,Top pair + BDFD,18,360,75513.56700000002,0.5121572916666667,0.4878427000000001,X/B,0.3857608402777776,0.008221209531685833,0.04976500000000002
A[9-7]x,Air,18,1284,169439.2459810001,0.32262466351067814,0.6773753297374833,B,0.3236213068535823,0.00022091985501077564,0.06509000000000001
A[9-7]x,Air + BDFD,18,684,106798.99817500004,0.4717759954364309,0.5282240024482976,X/B,0.2797402054093566,0.0016058342375151083,0.04619999999999998
A[9-7]x,Air + Gutshot,16,50,3655.230038,0.05013516319444445,0.9498648368055554,B,0.22824444000000008,1.509545659729249e-05,0.00042255695999990903
A[9-7]x,Air + Gutshot + BDFD,16,78,6250.773884999999,0.007675239583333333,0.9923247534722222,B,0.01067572435897436,0.0,0.0
A[9-7]x,Air + OESD,9,13,797.1084370000001,0.006264777777777778,0.9937352222222222,B,0.008674307692307695,0.0,0.0
A[9-7]x,Third pair,12,31,1883.559844,0.40849579861111107,0.5915042013888888,X/B,0.3643433548387097,0.008955317683092451,0.04413000000000018
A[9-7]x,Air + OESD + BDFD,9,39,2402.9569539999998,0.0018976296296296295,0.9981023703703704,B,0.00262748717948718,0.0,0.0
A[9-7]x,Third pair + BDFD,12,62,3772.199695,0.18042231944444445,0.8195776805555556,B,0.21526851612903228,0.0023335753484689855,0.061567721909999304
A[9-7]x,Two pair+,18,202,35173.53881500001,0.005028497895622895,0.994971502104377,B,0.005111381188118812,2.453169649392532e-07,4.030806000088205e-05
A[9-7]x,Two pair+ + BDFD,18,40,7761.200674,0.00025903703703703706,0.9997409629629629,B,0.0002887749999999997,0.0,0.0
A[9-7]x,Second pair,18,76,7200.579909999999,0.31866110462962965,0.6813388953703703,B,0.3630354078947368,0.000658822870444314,0.04995999999999974
A[9-7]x,Second pair + BDFD,18,152,14441.766959000004,0.15555833611111114,0.8444416583333333,B,0.17946300328947365,0.00016634125902084034,0.013309307879999465
A[9-7]x,Underpair,18,528,113715.709,0.8375257949074074,0.16247420941358023,X,0.16517641856060603,0.00042495619989819195,0.00483973350000042
A[6-2]x,Weak pair,4,72,1915.256,0.578679638888889,0.42132036111111104,X/B,0.35739572222222227,0.013199249433695107,0.03880000000000017
A[6-2]x,Top pair,10,448,87519.34199999995,0.6924494536561265,0.3075505375494071,X,0.3078554084821427,0.00115472542748794,0.01719823363999993
A[6-2]x,Top pair + BDFD,10,176,34666.736,0.53347087125,0.46652911750000003,X/B,0.4080131420454545,0.007200336372641355,0.05890500000000003
A[6-2]x,Third pair,2,3,210.5838,0.540966,0.45903399999999994,X/B,0.27512566666666666,0.010997661168617804,0.02295999999999978
A[6-2]x,Third pair + BDFD,2,6,421.30429999999996,0.16820625,0.83179375,B,0.224275,0.0020447745877348973,0.005391557700000149
A[6-2]x,Two pair+,10,113,12697.250100000005,0.026989259848484846,0.9730107401515152,B,0.026925256637168136,2.22014482024909e-06,0.00018799923999921476
A[6-2]x,Two pair+ + BDFD,10,25,4144.3939,0.016283316666666665,0.9837166833333333,B,0.014893840000000007,0.0,0.0
A[6-2]x,Second pair,7,21,1195.6811819999998,0.08219633333333333,0.9178036666666667,B,0.07577876190476189,0.0001991596140978673,0.001586238220000169
A[6-2]x,Second pair + BDFD,7,42,2395.123891,0.0017208571428571431,0.9982791428571429,B,0.0022705952380952387,0.0,0.0
A[6-2]x,Underpair,10,456,88770.04999999997,0.8446291946428571,0.15537079672619047,X,0.1550437828947369,0.00012463568933185646,0.0023352422100000325
A[6-2]x,Air + OESD,4,4,205.44299999999998,0.0,1.0,B,0.0,0.0,0.0
A[6-2]x,Air,10,763,91327.44396000009,0.47307249572915866,0.526927512100801,X/B,0.2525116985583225,0.0012211608959426493,0.034254999999999924
A[6-2]x,Air + OESD + BDFD,4,12,619.9825,0.0,1.0,B,0.0,0.0,0.0
A[6-2]x,Air + BDFD,10,489,65525.60629899994,0.607831221048056,0.39216878659083293,X/B,0.2514558282208587,0.0030846971430956265,0.04100999999999999
A[6-2]x,Air + Gutshot,8,12,655.485169,0.0754734375,0.9245265625,B,0.10063124999999999,0.0007743644076143145,0.0025998150599999548
A[6-2]x,Air + Gutshot + BDFD,8,36,1981.2607990000004,0.03369275000000001,0.9663072708333333,B,0.04492365277777778,9.55148951025272e-05,0.0007768841500002566
A[6-2]x,Weak pair + Gutshot,5,48,759.1691999999999,0.026494100000000003,0.9735059166666666,B,0.018565406249999996,0.0,0.0
A[6-2]x,Top pair + Gutshot,6,12,2187.663,0.6767046666666666,0.32329541666666667,X,0.323295375,0.0003424594870134699,0.0019611929199996325
A[6-2]x,Top pair + Gutshot + BDFD,6,24,4415.213999999999,0.6551223749999999,0.34487758333333335,X,0.34487760416666663,0.00027430119765908627,0.0029565836500005105
A[6-2]x,Second pair + Gutshot,4,4,201.8824,0.00022225,0.99977775,B,0.00022225000000000359,0.0,0.0
A[6-2]x,Second pair + Gutshot + BDFD,4,8,404.71830000000006,0.0,1.0,B,0.0,0.0,0.0
A[6-2]x,Underpair + Gutshot,3,24,992.3831000000002,0.3414726111111111,0.658527388888889,B,0.28951537499999996,0.0003727485796675582,0.007516910240000385
BBB,Weak pair,4,162,15436.774200000002,0.09448178968253967,0.9055181805555554,B,0.09771468827160494,1.0230490451118873e-05,0.0005801329800000588
BBB,A-high + Gutshot,4,30,6368.565000000001,0.1333615,0.8666385000000001,B,0.14030730000000002,3.4454816770963274e-05,0.0008469982899999451
BBB,A-high + Gutshot + BDFD,4,90,19105.244,0.14581564583333334,0.8541843333333334,B,0.1524479555555556,3.386565684375124e-06,0.0003733262000000792
BBB,Air,4,17,792.416085,0.5481147208333333,0.45188527916666665,X/B,0.14526347058823527,0.000394769927534364,0.004040375359999615
BBB,Air + BDFD,4,51,2386.4068780000002,0.35336596527777775,0.6466340347222221,X/B,0.22162119607843137,0.001582312732459593,0.006995792020000025
BBB,Top pair,3,12,1333.4488000000001,0.05756516666666667,0.9424348333333331,B,0.05756516666666667,0.0,0.0
BBB,Top pair + BDFD,3,24,2669.2719999999995,0.34628570833333333,0.6537142916666666,B,0.34628570833333333,0.0010351471290184755,0.011215354250000331
BBB,Air + Gutshot,4,5,146.75358500000002,0.200672625,0.799327375,B,0.1749952,0.0,0.0
BBB,Air + OESD,3,6,473.884726,0.3333333333333333,0.6666666666666666,B,0.16666666666666666,6.276203082350486e-05,0.06753000000000035
BBB,Air + Gutshot + BDFD,4,15,443.402587,0.19623024999999997,0.8037697500000001,B,0.15700693333333332,1.7172410949849438e-05,0.0002892704100002419
BBB,Air + OESD + BDFD,3,18,1423.4618830000002,0.3287046666666667,0.6712953333333335,B,0.16435233333333335,0.00014505389989061411,0.009546568560000423
BBB,Weak pair + Gutshot,4,24,5357.348,0.34371891666666665,0.6562810833333332,B,0.3437189166666666,0.0008283295327809208,0.007076951470000026
BBB,Two pair+,4,175,31309.975499999997,0.20980512008627403,0.790194879913726,B,0.21768529714285714,0.0004171060135175894,0.07025999999999968
BBB,Third pair + Gutshot,4,44,9048.842552999999,0.45308047727272727,0.5469195227272727,X/B,0.2059347954545454,0.0013234933625167473,0.025360000000000226
BBB,Second pair + Gutshot,4,43,9142.741699999999,0.2688576818181818,0.7311422954545455,B,0.2742948953488373,9.714779259026024e-05,0.00285868313999984
BBB,Top pair + Gutshot,4,43,9234.496,0.22872758636363635,0.7712724136363637,B,0.23358676744186047,0.0011068920703632028,0.007368751810000162
BBB,Two pair+ + BDFD,4,39,7328.267700000001,0.07422545138888888,0.9257745486111111,B,0.06960135897435898,0.00010991079119162381,0.004767034379999302
BBB,Second pair + Gutshot + BDFD,4,14,2749.0390999999995,0.3114680625,0.688531875,B,0.3559635357142858,0.0024797803913681133,0.0341678734999995
BBB,Top pair + Gutshot + BDFD,4,14,3029.7290000000007,0.141308875,0.858691125,B,0.16149585714285714,2.8098204088868697e-05,0.0003853759999998374
BBB,Third pair + Gutshot + BDFD,4,16,2550.2173170000005,0.4087523125,0.5912476874999999,X/B,0.29196918750000006,0.0032506656971898564,0.023163193129999725
BBB,Weak pair + OESD,3,18,3965.3049999999994,0.060040333333333334,0.9399596666666667,B,0.060040333333333334,0.0,0.0
BBB,Third pair + OESD,4,23,1773.9709999999998,0.4327530045454545,0.5672469954545455,X/B,0.3651059565217392,0.0034874817417990048,0.03554999999999993
BBB,Second pair + OESD,4,41,5209.362100000001,0.6128578818181818,0.38714207045454546,X/B,0.31157885365853655,0.0018757096723593773,0.019279999999999832
BBB,Top pair + OESD,4,41,7590.636399999999,0.25721366590909095,0.7427863340909091,B,0.2511674146341464,0.0009411390462797638,0.00857754750000055
BBB,Second pair + OESD + BDFD,4,10,1890.0566000000001,0.230462875,0.7695370625,B,0.20655454999999998,0.0,0.0
BBB,Top pair + OESD + BDFD,4,10,2182.96,0.069632625,0.930367375,B,0.0685805,4.092850910696597e-06,2.0651200000543212e-05
BBB,Third pair + OESD + BDFD,4,10,2091.1459999999997,0.24446368749999997,0.7555363125000001,B,0.2073073,0.00012593899292894078,0.0012026908400002867
BBB,Overpair + Gutshot,4,24,5077.963,0.0016880833333333335,0.998311875,B,0.0016881041666666683,0.0,0.0
BBB,Third pair,2,2,0.8783030000000001,0.653749,0.346251,X,0.346251,0.0,0.0
BBB,Third pair + BDFD,2,4,1.767266,0.99999625,3.75e-06,X,3.7499999999984056e-06,0.0,0.0
BBx,Weak pair,47,2088,257087.57589999982,0.4408162832362377,0.5591837173618147,X/B,0.33838062021072857,0.00979804019145944,0.10556499999999999
BBx,A-high,47,321,69105.40499999994,0.2869248201621074,0.7130751744680854,B,0.28642055451713394,0.00026267199889551586,0.03400877339999973
BBx,A-high + BDFD,47,963,207702.35800000007,0.3538097952043229,0.646190202600473,X/B,0.212106855659397,0.0003703221569700999,0.005099632800000364
BBx,Air,47,249,15378.610227999996,0.17952510707531238,0.8204749087892605,B,0.1969083514056225,3.1305775129643643e-05,0.033800000000000094
BBx,Air + BDFD,47,747,46285.71578899998,0.2508564999437128,0.7491434931498367,B,0.26049421218206176,0.0001374761398867541,0.06695999999999991
BBx,Top pair,47,1402,257408.2493999997,0.4200021336537224,0.5799978674359654,X/B,0.19193714621968613,0.0013047830654395259,0.01702231004999959
BBx,Top pair + BDFD,47,500,90726.54039999998,0.17917349169199595,0.8208265198328266,B,0.20003436899999996,0.0005291453220643339,0.017933023999999874
BBx,Third pair,47,125,14281.423835999998,0.2304302329787234,0.7695697670212767,B,0.279614564,0.014231193005887707,0.19529999999999995
BBx,Air + Gutshot,47,106,12543.788771,0.4093036017730496,0.5906963769503546,X/B,0.31981926415094336,0.0020873525203112552,0.06905999999999998
BBx,Air + Gutshot + BDFD,47,318,37751.453116,0.22127970768321517,0.7787203029550828,B,0.21147399842767292,0.00017930417275759857,0.06518000000000015
BBx,Third pair + BDFD,47,250,28584.75650599999,0.2091315852836879,0.7908684147163121,B,0.21432247199999999,0.015017962703327403,0.21967999999999996
BBx,Two pair+,47,833,134875.6811229998,0.01287676971927629,0.9871232270005819,B,0.01758345978391357,1.9711582098230533e-05,0.006159021480000604
BBx,Third pair + Gutshot,9,15,1582.544079,0.48088027777777775,0.5191197222222222,X/B,0.3332792,0.009722863071607616,0.033360000000000056
BBx,Third pair + Gutshot + BDFD,9,30,3175.116973,0.35719402777777776,0.6428059722222224,X/B,0.3344187333333333,0.004668621853269107,0.05633999999999979
BBx,Two pair+ + BDFD,47,102,18372.044129,0.004832290780141844,0.9951676985815604,B,0.005770142156862743,1.0242280989638021e-07,8.70414999951663e-06
BBx,Weak pair + Gutshot,8,66,14729.507000000001,0.9046777916666666,0.09532220833333332,X,0.10247678787878788,0.0003561611660588276,0.005211193979999607
BBx,Second pair + Gutshot,9,79,7977.806063000002,0.5795651252525251,0.4204348747474747,X/B,0.2988743037974683,0.0020872564374696248,0.07322500000000005
BBx,Top pair + Gutshot,9,113,18321.381400000002,0.3512393777777778,0.6487606121212122,X/B,0.25953111946902657,0.0020328197483677037,0.035595
BBx,A-high + Gutshot,42,787,171764.795,0.1984006144688645,0.80159938003663,B,0.19702069631512067,1.9500986745317335e-05,0.0014011110599998489
BBx,Second pair + Gutshot + BDFD,9,32,5681.713206000001,0.2458935555555556,0.7541064444444445,B,0.23194643749999996,0.00012667400853166503,0.030889999999999772
BBx,Top pair + Gutshot + BDFD,9,28,5867.4661,0.02554672222222222,0.97445325,B,0.02474083928571429,3.112129953381664e-05,0.0006288341099995876
BBx,A-high + Gutshot + BDFD,42,201,43810.68499999998,0.05349825,0.9465017500000004,B,0.04414574626865672,2.521793759050947e-05,0.0011759121499999026
BBx,Second pair,47,1102,166773.6475829998,0.7251228459791865,0.27487715471496577,X,0.26009377903811265,0.0019420361334436334,0.08245576664999987
BBx,Second pair + BDFD,47,368,67723.86783400002,0.3663379625886524,0.6336620379432624,X/B,0.27236341983695633,0.0030390484982802833,0.06052000000000035
BBx,Overpair,47,444,96117.72499999998,0.0658738108747045,0.9341262074468085,B,0.07063961711711705,2.3381826008113178e-05,0.0022529425599998377
BBx,Air + OESD,45,407,47631.49203999996,0.12533465132275134,0.8746653279202282,B,0.13741627272727278,3.222749163738152e-06,0.002215323149999904
BBx,Air + OESD + BDFD,45,213,35456.71637,0.03658650493827159,0.9634135024691359,B,0.03709752112676056,4.000527393402032e-05,0.04488000000000021
BBB,Underpair + OESD,1,6,1311.799,0.025448666666666665,0.9745513333333333,B,0.02544866666666667,0.0,0.0
BBx,Underpair + Gutshot,3,24,5276.663999999999,0.6621520555555556,0.33784791666666675,X,0.37196181249999993,0.004251456007057976,0.010781302739999887
BBx,Underpair,20,162,35872.406,0.4613297583333333,0.5386702500000001,X/B,0.0811805524691358,0.0005434278881785886,0.00309917322000004
K/Qx con,Weak pair,12,252,11444.503099999998,0.8959361081018521,0.10406389143518519,X,0.1636426825396826,0.0025230746175428096,0.15413999999999994
K/Qx con,A-high,14,501,108742.482,0.49949836324404767,0.5005016385428201,X/B,0.2784425908183633,0.0009958040393682548,0.012199999999999989
K/Qx con,A-high + BDFD,14,315,68183.55200000004,0.6067696574546486,0.39323034859221456,X/B,0.2295603079365078,0.004555463569185707,0.03722499999999975
K/Qx con,Air,14,398,45791.31541499999,0.32224791896860017,0.6777520714502145,B,0.37793819346733654,0.0007536508662359886,0.08602999999999987
K/Qx con,Air + BDFD,14,330,45517.846127000004,0.4694830916786917,0.5305169106833642,X/B,0.23160455303030306,0.0010431345859286457,0.043199999999999864
K/Qx con,Air + Gutshot,14,74,7543.117639,0.1484390714285714,0.8515609285714286,B,0.28940110810810815,0.0,0.0
K/Qx con,Top pair,14,572,97394.84009999996,0.7017400339065848,0.2982599609612452,X,0.30304578496503465,0.00280913263178044,0.0364704654999997
K/Qx con,Air + Gutshot + BDFD,14,78,7345.178273000001,0.022833626984126987,0.977166380952381,B,0.02042828846153846,0.0,0.0
K/Qx con,Top pair + BDFD,14,172,33626.4087,0.16570261668083902,0.8342973864937641,B,0.1965175697674419,0.00042482702771184813,0.017007788700000505
K/Qx con,Air + OESD,14,19,1423.0524999999998,0.06762632142857143,0.9323736785714286,B,0.05037921052631579,0.0,0.0
K/Qx con,Third pair,14,31,3912.1878490000004,0.9568685654761905,0.04313143452380953,X,0.030364709677419353,6.366793807865406e-05,0.004544250419999685
K/Qx con,Air + OESD + BDFD,14,57,4297.574500000001,0.03421291666666667,0.9657870833333334,B,0.025222263157894737,0.0,0.0
K/Qx con,Third pair + BDFD,14,62,7861.861085000001,0.563622613095238,0.43637739583333335,X/B,0.30103417741935484,0.008778132993985964,0.09470999999999989
K/Qx con,Two pair+,14,147,21204.233799999998,0.0049612,0.9950388,B,0.00563482993197279,0.0,0.0
K/Qx con,Two pair+ + BDFD,10,23,2528.3704000000007,0.00029120666666666666,0.9997087933333333,B,0.0006196086956521767,0.0,0.0
K/Qx con,Second pair,14,38,4753.029035,0.5597399476190476,0.44026005238095234,X/B,0.2487509210526316,0.006568307830898619,0.07526499999999992
K/Qx con,Second pair + BDFD,14,76,9553.604154000002,0.16882759166666667,0.8311723964285714,B,0.16363562500000003,0.0005227543969186566,0.019308300719999495
K/Qx con,Underpair,13,450,91326.3025,0.756168751388889,0.24383124271469273,X,0.24331452333333362,0.0010472962909134672,0.006766293600000495
K/Qx con,Overpair,14,126,27207.129000000015,0.042495029761904765,0.9575049642857143,B,0.05554260714285716,4.1834200617110753e-07,3.065119999945409e-05
K/Qx dis,Weak pair,42,1092,88096.50030000012,0.7951034015873016,0.20489660006613755,X,0.24975200869963388,0.001533230964402009,0.12893000000000007
K/Qx dis,A-high,42,1605,352510.1779999998,0.37665694290097823,0.6233430561323365,X/B,0.2816424109034266,0.0009658787254092074,0.01432931215999993
K/Qx dis,A-high + BDFD,42,1035,226533.79100000006,0.5217903289714033,0.4782096783352231,X/B,0.22972813864734326,0.002385582123236682,0.044624999999999915
K/Qx dis,Air,42,1062,120170.76264000004,0.2515991155179824,0.7484008864668777,B,0.3166496205273069,0.0006747541343523902,0.10539999999999985
K/Qx dis,Air + BDFD,42,1026,128563.13060400009,0.34654156395264785,0.6534584402613698,B,0.394432873781676,0.0007060641522029114,0.08105000000000011
K/Qx dis,Air + Gutshot,33,367,41334.319433,0.16285486037789368,0.8371451395789395,B,0.3313410054495914,0.00010657846760585175,0.022351682080000046
K/Qx dis,Top pair,42,1774,299669.6863999997,0.5559140400608842,0.44408595546413343,X/B,0.23541211837655002,0.001833041026689215,0.05271000000000044
K/Qx dis,Air + Gutshot + BDFD,33,237,30920.54843200001,0.00887198265993266,0.9911280207070708,B,0.011822732067510548,1.610825779562243e-07,8.589311999998017e-05
K/Qx dis,Top pair + BDFD,42,524,102918.57930000003,0.12673011923658353,0.8732698819066516,B,0.14857318034351127,0.0002127434765089869,0.012092667509999443
K/Qx dis,Third pair,42,82,11300.148775999998,0.6506070174603176,0.34939298253968254,X,0.28662234146341464,0.000986103534004666,0.05672999999999995
K/Qx dis,Air + OESD,17,23,2194.517689,0.02249466666666667,0.9775053333333334,B,0.022209565217391307,0.0,0.0
K/Qx dis,Air + OESD + BDFD,17,69,6607.213312999999,0.004517013071895426,0.9954829673202613,B,0.00535686231884058,0.0,0.0
K/Qx dis,Third pair + BDFD,42,164,22680.490126000004,0.24036610555555551,0.7596338825396827,B,0.3348482347560975,0.0004922005073925912,0.03409000000000049
K/Qx dis,Two pair+,42,412,63125.20200300005,0.00013340054112554112,0.9998665994588746,B,0.00013708737864077665,0.0,0.0
K/Qx dis,Two pair+ + BDFD,27,34,5015.511701999999,0.0,1.0,B,0.0,0.0,0.0
K/Qx dis,Second pair,42,186,20112.53157500001,0.38050364722222213,0.6194963623015871,X/B,0.28446430107526877,0.0024231852987624735,0.06968000000000033
K/Qx dis,Second pair + BDFD,42,372,40366.27999700001,0.10898973888888885,0.8910102634920637,B,0.11420678091397847,1.0530741967302023e-05,0.00452783624999995
K/Qx dis,Underpair,42,1050,231702.19750000033,0.7160391634117536,0.2839608387802343,X,0.27330793476190485,0.0015327399457186752,0.012401461920000401
K/Qx dis,Overpair,42,378,82476.06599999996,0.018475922619047614,0.981524091269841,B,0.023966595238095235,9.413732019115118e-07,0.00015604004000095982
K/Qx con,A-high + Gutshot,7,38,8130.137999999999,0.36741221428571424,0.6325877857142858,X/B,0.11711065789473683,0.00025970040687497487,0.001879437239999504
K/Qx con,A-high + Gutshot + BDFD,7,42,8770.327,0.10323397619047621,0.8967660238095237,B,0.1032339761904762,4.5344402789021285e-05,0.0004115222999999446
K/Qx dis,A-high + Gutshot,6,12,2580.5789999999993,0.28303408333333335,0.7169659166666666,B,0.2830340833333334,4.106273404765494e-05,0.000466439399999885
K/Qx dis,A-high + Gutshot + BDFD,6,36,7788.091,0.1076334722222222,0.8923665277777778,B,0.10763347222222225,3.692329150791171e-05,0.0003877928599997915
BBB,A-high + OESD,1,2,437.11400000000003,0.0103925,0.9896075,B,0.010392500000000013,0.0,0.0
BBB,A-high + OESD + BDFD,1,6,1313.0079999999998,0.014812333333333335,0.9851876666666666,B,0.014812333333333335,0.0,0.0
BBB,Overpair + OESD,1,6,1306.056,0.005516500000000001,0.9944835,B,0.005516500000000008,0.0,0.0
BBx,Third pair + OESD,3,3,271.0983,0.7689719999999999,0.231028,X,0.231028,0.0,0.0
BBx,Third pair + OESD + BDFD,3,6,544.6386,0.3257386666666667,0.6742613333333333,B,0.3257386666666667,0.002226798150657802,0.0076962735199998635
BBx,Weak pair + OESD,2,12,2662.416,0.7461414166666667,0.25385858333333333,X,0.25385858333333333,0.0006588387755552366,0.0021694773199996574
BBx,Second pair + OESD,3,3,610.075,0.49788033333333326,0.5021196666666666,X/B,0.18279900000000002,0.0,0.0
BBx,Top pair + OESD,3,21,1726.3326000000002,0.24853650000000002,0.7514635,B,0.3550521428571428,0.0009384428221980784,0.006918044639999721
BBx,A-high + OESD,5,53,11536.110999999999,0.4240712153846154,0.5759287692307693,X/B,0.240367820754717,0.00047792264627460787,0.0015762212799998565
BBx,Second pair + OESD + BDFD,3,6,1224.7830000000001,0.202333,0.797667,B,0.20233299999999999,0.000550193261699582,0.0024195901799998866
BBx,Top pair + OESD + BDFD,3,6,1027.2314999999999,0.0027819999999999998,0.9972181666666667,B,0.0027819166666666673,0.0,0.0
BBx,A-high + OESD + BDFD,5,15,3260.3299999999995,0.0989744,0.9010256,B,0.09897439999999999,0.00029355451931524355,0.001932404179999736
BBx,Overpair + Gutshot,3,18,3939.555,0.06891555555555554,0.9310844444444445,B,0.06891555555555556,2.554219593724429e-05,0.0002866976600003568
BBx,2 overcards + Gutshot,23,377,82241.25499999996,0.2657003127090301,0.7342996822742475,B,0.2859047015915121,7.283849522476718e-05,0.0019015958399997146
BBx,2 overcards + Gutshot + BDFD,23,87,18947.804000000007,9.565217391304349e-07,0.9999990434782609,B,7.586206896552327e-07,0.0,0.0
BBx,Underpair + OESD,1,6,1321.386,0.43767266666666665,0.5623273333333333,X/B,0.062327333333333325,0.0007025879508898207,0.0010888888200000224
K/Qx con,Third pair + Gutshot,1,1,0.447393,1.0,0.0,X,0.0,0.0,0.0
K/Qx con,Third pair + Gutshot + BDFD,1,2,0.899645,1.0,0.0,X,0.0,0.0,0.0
K/Qx con,Second pair + Gutshot,1,2,245.2283,0.8474305,0.1525695,X,0.15256950000000002,9.533870195204201e-05,0.00013566059999945424
K/Qx con,Second pair + Gutshot + BDFD,1,4,493.3134,0.42639750000000004,0.5736025,X/B,0.13422250000000002,0.0012234947101988085,0.005204973149999859
K/Qx con,Underpair + Gutshot,1,12,2650.559,0.8160539166666668,0.18394608333333332,X,0.18394608333333337,0.0009068781159924611,0.0019383640000000923
K/Qx con,Top pair + Gutshot,1,20,1655.8447,0.29164745000000003,0.7083525500000001,B,0.29164745000000003,6.889032763193543e-05,0.006609905599999877
K/Qx con,Top pair + Gutshot + BDFD,1,4,886.133,0.013932250000000002,0.98606775,B,0.013932250000000004,0.0,0.0
K/Qx con,2 overcards,7,91,19851.466999999997,0.6633087582417583,0.3366912527472527,X,0.3366912472527472,0.0002841798172291876,0.002640619560000346
K/Qx con,2 overcards + BDFD,7,21,4582.282999999999,0.9453340476190475,0.054665952380952385,X,0.05466595238095237,1.076699582028724e-05,0.0001923833500008243
K/Qx dis,2 overcards,21,273,60119.895000000026,0.5752645457875458,0.4247354468864468,X/B,0.18016784981684966,0.00033076777868179427,0.003250497730000035
K/Qx dis,2 overcards + BDFD,21,63,13873.527,0.8302447777777777,0.16975520634920635,X,0.16975521428571425,0.0005662027704983313,0.006254387020000252
[J-8]x con,Weak pair,22,372,9804.403029999989,0.9132654200757577,0.08673457992424241,X,0.14096898924731172,0.0011800958879839953,0.045579999999999996
[J-8]x con,A-high,25,160,33779.22639999999,0.5616329976615068,0.4383669875273477,X/B,0.23580026875000018,0.0007221281714982191,0.021979954943999937
[J-8]x con,A-high + BDFD,25,300,62039.86639999996,0.6896560220000001,0.3103439657777778,X,0.34511526333333353,0.00048734330707779006,0.003738474000000025
[J-8]x con,Air,20,241,18879.399855999996,0.53298418422706,0.46701584105305216,X/B,0.285583541493776,0.001675021978615036,0.08782500000000013
[J-8]x con,Air + BDFD,20,363,42005.49623700005,0.5642133928735154,0.4357866227934565,X/B,0.2661199035812673,0.000860586348692813,0.05625
[J-8]x con,Air + Gutshot,24,68,4642.6084219999975,0.26928998419540234,0.730710000478927,B,0.4817942647058823,0.001604438984121634,0.08786999999999985
[J-8]x con,Air + Gutshot + BDFD,24,132,11057.862904999996,0.1685158335648148,0.831484180324074,B,0.18789756818181816,0.0019426451310267183,0.12284000000000006
[J-8]x con,Air + OESD,24,43,3121.0407,0.1948682142857143,0.8051317827380952,B,0.29669491860465114,0.0002231314324311606,0.002402287999999686
[J-8]x con,Air + OESD + BDFD,24,93,7065.004978,0.06588510416666667,0.9341149097222222,B,0.08209174731182797,8.385935581804473e-05,0.0016288644799999474
[J-8]x con,Weak pair + Gutshot,8,48,5037.368899999999,0.9581303541666667,0.041869666666666666,X,0.04186965625,0.0009507359317822095,0.007425472250000098
[J-8]x con,Two pair+,26,313,39280.95668399996,0.03577638752593561,0.9642236093922103,B,0.05081894568690096,0.00022071706834316226,0.08684324000000032
[J-8]x con,A-high + Gutshot,23,52,10444.142000000003,0.5209397034161491,0.47906027484472036,X/B,0.16738406730769234,0.0005598808222607756,0.018774999999999764
[J-8]x con,Two pair+ + BDFD,18,73,6264.926900000001,0.014056060493827162,0.9859439395061729,B,0.031095150684931513,0.0008239337815551618,0.04683802110000031
[J-8]x con,A-high + Gutshot + BDFD,23,120,23655.023999999998,0.33089351449275367,0.6691064710144927,B,0.24905934166666654,0.0003647206599142191,0.015499999999999759
[J-8]x con,Weak pair + OESD,4,24,3751.6889999999994,0.9199954166666666,0.08000458333333334,X,0.08000458333333334,1.51050555993688e-06,2.4907029999710063e-05
[J-8]x con,Third pair + OESD,6,7,401.736005,0.9997545,0.0002455,X,0.0002599999999999952,0.0,0.0
[J-8]x con,Second pair + OESD,7,18,655.684569,0.7635234870129871,0.236476512987013,X,0.1424336111111111,0.0011641542525806336,0.019937317639999463
[J-8]x con,A-high + OESD,8,20,3955.401,0.5326325865384616,0.4673674134615385,X/B,0.21254084999999998,0.0008063330695991906,0.01258999999999979
[J-8]x con,Second pair + OESD + BDFD,7,18,1096.661367,0.27841275,0.72158725,B,0.28799527777777784,0.0014093214626718748,0.04124000000000052
[J-8]x con,A-high + OESD + BDFD,8,24,4472.617000000001,0.236724625,0.7632753749999999,B,0.23672462500000005,0.0004796751662266269,0.0027670410699997205
[J-8]x con,Third pair + OESD + BDFD,6,14,806.469985,0.56072175,0.43927829166666665,X/B,0.3228694285714286,0.001328628047541895,0.08542000000000058
[J-8]x con,Third pair + Gutshot,7,7,391.350779,1.0,0.0,X,0.0,0.0,0.0
[J-8]x con,Third pair,26,47,6717.894313999999,0.842639955128205,0.1573600448717949,X,0.0891110425531915,0.0001960955238209852,0.006005048400000134
[J-8]x con,Third pair + Gutshot + BDFD,7,14,787.9016070000002,0.8566068571428571,0.14339314285714286,X,0.14339314285714286,1.3493824800805789e-05,0.02026450830000002
[J-8]x con,Third pair + BDFD,26,94,13524.100173,0.6041049935897438,0.39589500641025643,X/B,0.3626490957446808,0.02228559409329682,0.1443100000000001
[J-8]x con,Second pair + Gutshot,8,19,1440.8466459999997,0.8447821624999999,0.15521783749999998,X,0.14140673684210525,0.0014898890459553804,0.022266328590000484
[J-8]x con,Second pair,26,65,9748.187149,0.7284821935897436,0.27151782179487177,X,0.24036029230769237,0.000942184829673907,0.006771954940000313
[J-8]x con,Second pair + Gutshot + BDFD,8,20,1657.6826369999999,0.3760378125,0.6239621875,X/B,0.30583654999999993,0.0051507043614459555,0.04166000000000025
[J-8]x con,Second pair + BDFD,26,112,15708.408352999999,0.43785134294871797,0.5621486570512821,X/B,0.35163466071428573,0.005607704267170202,0.05280999999999949
[J-8]x con,Top pair + OESD,8,17,2113.2459,0.45182851250000006,0.5481714875,X/B,0.3462446470588235,0.0023397768624127775,0.09341000000000008
[J-8]x con,Top pair + Gutshot,12,42,4688.634122,0.50732345,0.49267653333333333,X/B,0.2518727857142857,0.0022831377030846913,0.1224499999999999
[J-8]x con,Top pair,26,484,73437.02457100003,0.6729276898643697,0.32707230893370753,X,0.2832194204545454,0.002989066960569231,0.14868999999999985
[J-8]x con,Top pair + OESD + BDFD,8,16,2052.9992999999995,0.16669218749999998,0.833307875,B,0.16669215625,6.354886297712377e-05,0.0005227239299998132
[J-8]x con,Top pair + Gutshot + BDFD,12,30,3150.900703,0.14486808333333331,0.8551319166666665,B,0.11589446666666671,4.809490417039937e-06,0.022450427299999375
[J-8]x con,Top pair + BDFD,26,230,37558.54377399999,0.2156171823717949,0.784382810576923,B,0.19240080869565207,0.00041017840038369384,0.06361478918000003
[J-8]x con,Overpair + OESD,4,24,4989.135,0.25224487500000004,0.7477551250000001,B,0.252244875,8.291707516794787e-05,0.0006780410399997549
[J-8]x con,2 overcards + OESD,4,82,12848.5161,0.5003308397435897,0.49966914743589746,X/B,0.22924658536585363,0.0003399916753490457,0.01374359055999932
[J-8]x con,2 overcards + OESD + BDFD,4,30,5621.387299999999,0.10214061111111113,0.8978593888888888,B,0.1595718333333333,0.0,0.0
[J-8]x con,Overpair + Gutshot,8,48,9029.548999999999,0.15706268750000002,0.8429372916666665,B,0.15706269791666663,3.322410583761589e-05,0.0007586591999995563
[J-8]x con,2 overcards + Gutshot,8,228,34405.476869999984,0.5826748876602564,0.41732512516025644,X/B,0.21616436184210527,0.00043484537014114235,0.026699999999999946
[J-8]x con,2 overcards + Gutshot + BDFD,8,72,12210.260999999997,0.15651228055555555,0.8434877069444445,B,0.18529697222222216,5.706290313893613e-05,0.0013687402399998661
[J-8]x con,Overpair,26,600,120075.55600000014,0.3689898205128205,0.6310101743589744,X/B,0.20771234416666662,0.0008371823783804919,0.016925000000000523
BBx,2 overcards + OESD,7,104,22904.662999999997,0.28942996703296703,0.7105700164835165,B,0.31780098076923075,4.9694235163262373e-05,0.001040734339999716
BBx,2 overcards + OESD + BDFD,7,24,5268.025,0.0,1.0,B,0.0,0.0,0.0
[J-8]x con,Underpair + OESD,4,24,4136.071,0.5122486666666667,0.48775129166666664,X/B,0.14761035416666662,9.579426743994809e-05,0.0012075254999999174
[J-8]x con,2 overcards,25,1843,318413.2584500003,0.48130174889390615,0.5186982452999226,X/B,0.20942572273467144,0.0005927182537759496,0.019374999999999965
[J-8]x con,2 overcards + BDFD,25,489,94940.20280000007,0.681305377777778,0.31869461244444447,X,0.378552292433538,0.002468295420307549,0.09643999999999978
[J-8]x dis,Weak pair,67,1506,100669.17048000012,0.8933128091625205,0.1066871896766169,X,0.14056040106241716,0.0006077283154594599,0.08651999999999979
[J-8]x dis,A-high,67,584,126001.9863999999,0.5075331956101843,0.4924668191303545,X/B,0.27825702482876724,0.0011139051360141265,0.020535500000000085
[J-8]x dis,A-high + BDFD,67,1032,219990.77000000037,0.6304759156834873,0.3695240876214167,X/B,0.19943429748062025,0.0010035145601064424,0.03329500000000003
[J-8]x dis,Air,61,638,54279.01964200001,0.48862827689496613,0.5113717251253477,X/B,0.3133234365203761,0.0021224836350975562,0.06722499999999983
[J-8]x dis,Air + BDFD,61,1014,121047.9210740001,0.5151264777459033,0.48487351775003984,X/B,0.2507333259368835,0.0008437896394866971,0.037365366119999875
[J-8]x dis,Air + Gutshot,58,229,14372.146738999998,0.3842809029580334,0.6157190871897499,X/B,0.34198758078602626,0.007678956577910236,0.19605500000000048
[J-8]x dis,Air + Gutshot + BDFD,58,327,28403.473692000003,0.1343278055555555,0.8656722030651338,B,0.11881239602446482,0.0028294637223567065,0.18972000000000017
[J-8]x dis,Third pair,67,116,16660.112068,0.6505764470149253,0.349423545522388,X,0.2156540646551723,0.0030227228918546446,0.09257999999999988
[J-8]x dis,Air + OESD,50,157,6822.16673,0.07971895013756615,0.9202810512910052,B,0.16008269745222925,2.8244852672954927e-05,0.0010048944800004733
[J-8]x dis,Air + OESD + BDFD,50,219,15375.357439999998,0.01608102888888889,0.9839189644444446,B,0.01397827625570776,2.8812373071805414e-05,0.0010586066099996573
[J-8]x dis,Third pair + BDFD,67,232,33467.42928099998,0.3362037053482587,0.6637962825870646,B,0.480605183189655,0.022571676807325795,0.4394100000000002
[J-8]x dis,Two pair+,67,641,88259.49664999994,0.004353012663952963,0.9956469846223429,B,0.004954419656786271,3.430028212344469e-06,0.00082215100000127
[J-8]x dis,Third pair + Gutshot,10,11,478.40759,0.98004695,0.019953099999999998,X,0.036278318181818175,0.0,0.0
[J-8]x dis,Third pair + Gutshot + BDFD,10,22,964.0312570000001,0.80740235,0.19259770000000004,X,0.24970629545454548,0.0006829154111808281,0.14003000000000015
[J-8]x dis,Weak pair + Gutshot,10,78,10454.306400000001,0.9427953166666667,0.057204674999999996,X,0.07953884615384615,0.00014022424281997424,0.0014685512100001575
[J-8]x dis,Second pair + Gutshot,9,14,614.400552,0.5191880000000001,0.4808119444444444,X/B,0.36620253571428574,0.016688813860319653,0.11839000000000013
[J-8]x dis,A-high + Gutshot,22,53,10709.670999999997,0.49850636363636375,0.5014936590909091,X/B,0.21704155660377356,0.0009394487857017521,0.030345000000000157
[J-8]x dis,Second pair + Gutshot + BDFD,9,28,1239.0243970000001,0.28387363888888884,0.716126361111111,B,0.22212325000000002,0.0030814180731872616,0.14740999999999999
[J-8]x dis,Two pair+ + BDFD,31,50,2237.187885,0.0,1.0,B,0.0,0.0,0.0
[J-8]x dis,A-high + Gutshot + BDFD,22,123,24505.984999999997,0.23008146212121217,0.7699185227272726,B,0.17858244715447147,0.00195969394789645,0.06602999999999995
[J-8]x dis,Second pair,67,277,31381.639871999996,0.7620238597014927,0.2379761430348258,X,0.24670917148014448,0.0015196793884511678,0.08988999999999976
[J-8]x dis,Second pair + BDFD,67,554,63095.96134599999,0.3596782507462686,0.6403217355721393,X/B,0.29122287003610103,0.001988650989358295,0.09633499999999984
[J-8]x dis,Underpair + Gutshot,4,24,4502.323,0.585434875,0.414565125,X/B,0.14058729166666664,7.389497768876314e-05,0.001087285940000271
[J-8]x dis,Top pair + Gutshot,9,9,780.384222,0.31926255555555555,0.6807374444444445,B,0.31926255555555555,0.0004466104052738452,0.001724368880000071
[J-8]x dis,Top pair + Gutshot + BDFD,9,18,1575.1360320000006,0.12046416666666666,0.8795358333333333,B,0.12046416666666669,4.429786575120445e-07,3.1642199999737384e-06
[J-8]x dis,Top pair,67,1475,221688.91873999932,0.6638264279648316,0.33617356883152055,X,0.3109671796610166,0.002873229989998694,0.18046000000000006
[J-8]x dis,Top pair + BDFD,67,682,115193.92982999992,0.15080486703980106,0.849195137189055,B,0.14867535997067446,0.00021397560277647,0.08691201441999966
[J-8]x dis,Overpair,67,1674,349743.593,0.27719854618573797,0.7228014582089552,B,0.3033605197132617,0.0005132789610497,0.013911025500000562
[J-8]x dis,2 overcards + Gutshot,33,459,75080.30529999996,0.4348624419191919,0.5651376105283605,X/B,0.19636031263616555,0.000493079147857477,0.0490199999999998
[J-8]x dis,2 overcards,67,4884,890429.0524200002,0.4712541258231076,0.5287458705538269,X/B,0.2019477458026211,0.0004893181514631997,0.019839999999999948
[J-8]x dis,2 overcards + Gutshot + BDFD,33,153,29539.042900000004,0.05114847558922559,0.9488515193602696,B,0.07597976797385622,5.810388751733965e-05,0.00346996018999981
[J-8]x dis,2 overcards + BDFD,67,1260,255718.16219999956,0.6080264615888809,0.3919735342572851,X/B,0.25439187222222254,0.003451180245135984,0.07945000000000028
[J-8]x dis,Underpair,48,702,148074.00689999998,0.6672438534722223,0.3327561568287037,X,0.3378636524216521,0.0008087033831822245,0.008454857070000089
[J-8]x con,Underpair + Gutshot,4,48,9272.237000000001,0.5631934583333333,0.43680652083333327,X/B,0.1313037604166667,8.933649020136125e-05,0.0011304553199991574
[J-8]x con,Underpair,14,372,65911.82979999996,0.6424409667517007,0.3575590371315193,X/B,0.1890730067204302,0.0003708587231566083,0.004000117440000395
[J-8]x dis,Third pair + OESD,3,3,120.4508,0.964906,0.035094,X,0.035094,0.00024746450283885576,0.0009718967999994277
[J-8]x dis,Third pair + OESD + BDFD,3,6,242.57319999999999,0.07692066666666665,0.9230795,B,0.07692058333333332,1.0877361020283319e-05,5.7368150000769445e-05
[J-8]x dis,Weak pair + OESD,3,18,2739.3574,0.7023957222222222,0.2976042222222222,X,0.29760425,0.0007106640990960204,0.005582000349999561
[J-8]x dis,Second pair + OESD,3,3,92.4702,0.022025666666666666,0.9779743333333334,B,0.022025666666666676,0.0,0.0
[J-8]x dis,Top pair + OESD,2,2,0.6464380000000001,0.0,1.0,B,0.0,0.0,0.0
[J-8]x dis,A-high + OESD,3,3,474.33899999999994,0.38572,0.6142799999999999,X/B,0.11428,0.00023959929736293658,0.0007006390999997336
[J-8]x dis,Second pair + OESD + BDFD,3,6,186.95329999999998,8.166666666666666e-06,0.9999918333333334,B,8.166666666663811e-06,0.0,0.0
[J-8]x dis,Top pair + OESD + BDFD,2,4,1.308158,0.0,1.0,B,0.0,0.0,0.0
[J-8]x dis,A-high + OESD + BDFD,3,9,1445.4099999999999,0.03549566666666667,0.9645043333333333,B,0.035495666666666675,0.0,0.0
[J-8]x dis,Overpair + Gutshot,3,18,2938.342,0.2825877222222222,0.7174123333333333,B,0.2825876944444444,0.0,0.0
[J-8]x dis,2 overcards + OESD,15,114,14691.88643,0.2390560545787546,0.7609439479853479,B,0.3329011622807017,0.00031788079917096507,0.04371999999999972
[J-8]x dis,2 overcards + OESD + BDFD,15,54,10048.418200000007,0.03769535555555555,0.9623046444444445,B,0.046297240740740764,1.104944493782864e-08,6.52140000312329e-07
[7-4]x,Weak pair,9,72,1094.56753,1.0,0.0,X,0.0,0.0,0.0
[7-4]x,A-high,7,9,1445.231,0.9453024761904762,0.054697523809523814,X,0.06395933333333334,0.00014823213292133446,0.0008064869999998336
[7-4]x,A-high + BDFD,7,27,4391.9871,0.9436568571428571,0.05634314285714286,X,0.09282407407407407,0.00025248037549751407,0.0014796592199999737
[7-4]x,Weak pair + Gutshot,10,72,861.4863099999999,0.9027671916666667,0.09723280833333334,X,0.11775709722222222,0.0031498929128281,0.03138480246000057
[7-4]x,A-high + Gutshot,15,24,3226.3935,0.7936803333333332,0.20631963333333334,X,0.2578994375,0.0,0.0
[7-4]x,A-high + Gutshot + BDFD,15,72,9819.465199999999,0.5793239,0.4206760555555556,X/B,0.32891061805555566,0.002523773487682321,0.03490000000000002
[7-4]x,Weak pair + OESD,6,36,408.98371,0.45472833333333335,0.5452716666666667,X/B,0.4286041666666668,0.05481513213266599,0.22998000000000046
[7-4]x,Third pair + OESD,2,2,47.8952,0.8492265,0.1507735,X,0.1507735,0.001505109164119182,0.002955605120000371
[7-4]x,A-high + OESD,8,9,894.5486000000001,0.399386,0.600614,X/B,0.12660255555555555,0.00012591767594503662,0.0007516043999999056
[7-4]x,A-high + OESD + BDFD,8,27,2739.1521,0.12431118749999999,0.8756888125,B,0.1327048888888889,2.0962607648324155e-05,0.00010810989000020754
[7-4]x,Third pair + OESD + BDFD,2,4,96.7738,0.45264475,0.54735525,X/B,0.11709275,0.004056755243183256,0.011652269440000395
[7-4]x,Two pair+,20,204,10171.468575000003,0.002665985833333333,0.9973340141666667,B,0.003125514705882353,2.261484686576521e-07,8.849339999983385e-05
[7-4]x,Third pair,16,17,1936.5294,0.773670375,0.226329625,X,0.21301611764705883,0.00013567191905513776,0.0011893230999998395
[7-4]x,Third pair + BDFD,16,34,3931.6436999999996,0.32331209375,0.67668790625,B,0.35159188235294114,0.0008358349140739948,0.017319061269999735
[7-4]x,Two pair+ + BDFD,14,48,2562.35175,0.0002797428571428571,0.9997202571428572,B,0.00040795833333333325,1.0163563162639436e-06,0.00010319713999962232
[7-4]x,Second pair + OESD,5,5,95.205794,0.4048322,0.5951679999999999,X/B,0.36194509999999996,0.018073534412151343,0.051685000000000515
[7-4]x,Second pair,16,32,2894.48196,0.7054689270833334,0.29453104166666666,X,0.217865328125,0.002206178897625838,0.010316537339999599
[7-4]x,Second pair + OESD + BDFD,5,10,192.837042,0.040920200000000004,0.9590797999999999,B,0.0409202,0.0,0.0
[7-4]x,Second pair + BDFD,16,64,5899.630451999997,0.2939375416666667,0.7060624583333334,B,0.37337495312499985,0.002076305583333667,0.09141000000000048
[7-4]x,Top pair + OESD,7,7,199.9976,0.14980857142857143,0.8501914285714286,B,0.14980857142857143,1.8941348982629873e-05,0.00013165854000050104
[7-4]x,Top pair,19,53,3495.7919630000015,0.5585853596491228,0.44141464035087724,X/B,0.3504554339622642,0.009511774202473032,0.05450000000000017
[7-4]x,Top pair + OESD + BDFD,7,14,404.76470000000006,0.0015479285714285716,0.9984520714285715,B,0.0015479285714285712,0.0,0.0
[7-4]x,Top pair + BDFD,19,106,7122.811176000002,0.05351483333333334,0.9464851600877193,B,0.044162957547169826,6.940066084088983e-05,0.0036116303999996547
[7-4]x,Overpair + OESD,4,24,1843.0852,0.09514216666666667,0.9048578333333333,B,0.09514216666666665,6.727644339464855e-05,0.0003717755500005637
[7-4]x,2 overcards + OESD,10,18,742.8227600000001,0.16531223333333336,0.8346877666666668,B,0.24463205555555556,0.001128306247005667,0.0032850620899999685
[7-4]x,2 overcards + OESD + BDFD,10,54,2303.5864599999995,0.06067509166666667,0.9393249083333334,B,0.10128896296296297,0.00023215885718358306,0.0020721661399996094
[7-4]x,Overpair + Gutshot,10,84,8771.6034,0.2684272166666667,0.731572725,B,0.27260511309523805,0.0003813561356061837,0.004085145899999532
[7-4]x,2 overcards + Gutshot,16,262,29554.602804000002,0.48050989742296873,0.51949010675757,X/B,0.3428612366412215,0.001815410722225744,0.1802500000000002
[7-4]x,2 overcards + Gutshot + BDFD,16,210,17463.404780999997,0.24111897309027777,0.7588810237847222,B,0.38514929523809516,0.0010942377491625064,0.015148388549999937
[7-4]x,Overpair,20,822,110510.38859999992,0.48095499058531754,0.5190450087400793,X/B,0.11756281995133817,0.0003134175933577438,0.004365137939998931
[7-4]x,2 overcards,20,2304,229903.70849399982,0.5346164994428516,0.4653834987057309,X/B,0.3103273550347223,0.0016310728125596865,0.050904999999999846
[7-4]x,2 overcards + BDFD,20,1008,116726.92238600006,0.598842764264735,0.4011572419629603,X/B,0.21080223908730164,0.0020160968432078874,0.05394000000000006
[7-4]x,Air + OESD,8,8,281.170846,0.16405837499999998,0.835941625,B,0.164058375,0.00041158907794600996,0.0027935396400003754
[7-4]x,Air + OESD + BDFD,8,24,866.9269740000001,0.0,1.0,B,0.0,0.0,0.0
[7-4]x,Second pair + Gutshot,10,11,728.8479029999999,0.5085454,0.49145469999999997,X/B,0.2681524090909091,0.0028853467583935706,0.0756450000000001
[7-4]x,Second pair + Gutshot + BDFD,10,22,1481.8225929999999,0.14056902500000001,0.8594309750000001,B,0.13531600000000002,0.00025527761690359054,0.050730000000000074
[7-4]x,Top pair + Gutshot,13,15,830.355505,0.32517007692307687,0.674829923076923,B,0.29801886666666666,9.264835848833086e-06,0.03908999999999949
[7-4]x,Top pair + Gutshot + BDFD,13,30,1684.030913,0.027219269230769234,0.9727807307692308,B,0.023590033333333333,1.0899259300651796e-06,0.0038570977500000936
[7-4]x,Air + Gutshot,7,9,446.90519199999994,0.30315433333333336,0.6968456666666667,B,0.3113916666666667,0.0002871588307798016,0.0010377123899999673
[7-4]x,Air + Gutshot + BDFD,7,27,1376.3771659999998,0.025303111111111113,0.9746968888888888,B,0.036635629629629636,3.550762432814705e-05,0.00047897817999995593
[7-4]x,Air,4,7,540.1222359999999,0.8104996666666666,0.18950033333333333,X,0.20183528571428574,0.0,0.0
[7-4]x,Air + BDFD,4,21,1641.4587820000002,0.5115255,0.4884745277777778,X/B,0.2171755476190476,0.0003293768929423923,0.010129999999999839
[7-4]x,Underpair + OESD,3,18,626.6413999999999,0.0792521111111111,0.9207478888888888,B,0.0792521111111111,0.0,0.0
[7-4]x,Underpair + Gutshot,4,36,1872.4965999999997,0.2359767083333333,0.7640232708333333,B,0.22251004166666663,0.0004452545991719344,0.006165886120000153
[7-4]x,Underpair,3,36,3163.5276000000003,0.6437271203703704,0.3562729074074074,X/B,0.1572650416666667,0.00032449170771386906,0.002797899060000475
[7-4]x,Third pair + Gutshot,4,4,428.35699999999997,0.439495,0.560505,X/B,0.06459400000000001,0.0003635538322494269,0.0009831681000001425
[7-4]x,Third pair + Gutshot + BDFD,4,8,871.909,0.017072625,0.982927375,B,0.017072624999999998,6.268004697419639e-05,0.0002039658299999303
