flop_class,hand_category,boards_present,active_combos,reach_sum,mean_fold_frequency,mean_call_frequency,mean_raise_frequency,policy,mean_frequency_distance,mean_local_loss_bb,max_combo_loss_bb
ABB,Weak pair,6,324,44015.6354,0.9405513280864198,0.025274091666666665,0.03417458641975309,F,0.06174195987654322,0.0017888648699801186,0.114082830997
ABB,Air,6,436,43917.9001,1.0,0.0,0.0,F,0.0,0.0,0.0
ABB,Second pair,6,261,21898.446519999998,0.33533791319444445,0.5360779199585136,0.12858415097402595,F/C,0.4668921685823755,0.16927660307816444,0.8213170860000002
ABB,Top pair,6,279,26233.48729999996,0.05159327708333333,0.8849753810185185,0.06343135578703701,C,0.11422482078853045,0.00015474375723378088,0.024761781720000188
ABB,Third pair,6,243,14328.97764999999,0.3900862688311688,0.40793424333814327,0.20197952604617608,F/C,0.5054803950617284,0.1565235317626827,0.6809217457
ABB,Air + draw,6,308,25760.79151,0.755894007779506,0.0986267490052057,0.14547925816967278,F,0.25405097240259733,0.1297248650720198,1.77583344602
ABB,Two pair+,6,270,20022.357959999994,0.0,0.47503804524124327,0.5249619466286756,C/R,0.3171842703703704,0.003998499423289869,0.1475594097600009
A[K/Q]x,Weak pair,16,864,95548.85399999998,1.0,0.0,0.0,F,0.0,0.0,0.0
A[K/Q]x,Air,16,1740,130743.71839000001,1.0,0.0,0.0,F,0.0,0.0,0.0
A[K/Q]x,Second pair,16,870,57601.54734,0.23213299767443527,0.7007454637369568,0.0671215472960383,C,0.29710673390804576,0.009049967554434319,0.1459872010938
A[K/Q]x,Top pair,16,888,71673.05502000003,0.0,0.9372741373659844,0.06272585136452243,C,0.06303613626126127,0.00031431232266242886,0.17400999999999983
A[K/Q]x,Third pair,16,330,26287.00377999999,0.46404714632936506,0.28645751369047623,0.2494953422867063,F/C,0.4912327621212119,0.08101778577949323,0.3280655
A[K/Q]x,Two pair+,16,236,16962.57539,0.0,0.20610492075892858,0.7938950792410715,R,0.20867332203389843,0.001492943932253016,0.07468286579999983
A[K/Q]x,Air + draw,16,892,45716.36483999998,0.12926259804140405,0.6212188765493697,0.24951851640625003,C/R,0.339609820067265,0.007190212550355778,0.3729
A[J-T][9-5],Weak pair,10,450,47302.31439999998,1.0,0.0,0.0,F,0.0,0.0,0.0
A[J-T][9-5],Air,10,1020,70374.05795999999,1.0,0.0,0.0,F,0.0,0.0,0.0
A[J-T][9-5],Top pair,10,540,35382.893339999995,0.0,0.9232838018518518,0.0767161888888889,C,0.0767161935185185,0.00011113358156995027,0.07206000000000046
A[J-T][9-5],Third pair,10,246,18055.413420000008,0.4279924674338623,0.38221017739417984,0.18979733228835977,F/C,0.48060717682926835,0.08589402070957536,0.28304785
A[J-T][9-5],Air + draw,10,652,36968.96635,0.18007409041483918,0.48182459749666745,0.33810129089772534,C/R,0.37314225766871145,0.02101961019166537,0.79944
A[J-T][9-5],Second pair,10,480,21319.921109999996,0.3985083871539961,0.5221059489919242,0.07938568518518517,F/C,0.3965332791666665,0.10916818912242543,0.554395
A[J-T][9-5],Two pair+,10,191,14297.133009999998,0.0,0.2810598880447725,0.7189400993927125,R,0.2876495759162303,0.002010801058863914,0.1440800000000003
A[J-T][4-2],Weak pair,6,270,24097.209199999998,1.0,0.0,0.0,F,0.0,0.0,0.0
A[J-T][4-2],Air + draw,6,360,16576.78262,0.0848795111111111,0.5645888138888888,0.35053168055555556,C/R,0.35685611111111143,0.0037247938152770894,0.09015463897599982
A[J-T][4-2],Third pair,6,96,4450.623746,0.3468164492063492,0.42249077500000004,0.23069279206349205,F/C,0.5314582291666666,0.1432747353364439,0.323519420608
A[J-T][4-2],Air,6,712,44031.573249999936,1.0,0.0,0.0,F,0.0,0.0,0.0
A[J-T][4-2],Top pair,6,324,17878.660080000016,0.0,0.9329946080246914,0.0670053950617284,C,0.06700539351851854,7.91992149212591e-05,0.05301581141999989
A[J-T][4-2],Two pair+,6,102,6587.330399999999,0.0,0.25592850000000006,0.7440714705882354,R,0.25592851470588235,0.009370310540388548,0.23576999999999942
A[J-T][4-2],Second pair,6,306,11707.998439999994,0.2040523461988304,0.6951421035087719,0.10080552670565303,C,0.2978656323529411,0.004122249328390679,0.06369692445120001
A[J-T][9-5],Underpair,5,30,1711.7011,0.42028790000000005,0.5756996666666666,0.004012366666666667,F/C,0.16652170000000005,0.002313747035390314,0.017155433532199997
A[J-T][4-2],Underpair,3,18,904.2975,0.35487722222222223,0.6451227777777778,0.0,F/C,0.16460466666666668,0.00043186770800698177,0.0027784175674999993
A[9-7]x,Weak pair,18,552,48507.60330000005,0.8864806075617284,0.1134535799382716,6.580308641975307e-05,F,0.1171204048913045,0.002394694818305564,0.0300667038258
A[9-7]x,Air,18,3164,144332.78041999988,0.9664713095004124,0.032859058788711225,0.000669632996064693,F,0.03625744310998734,0.0007124157679993647,0.417464
A[9-7]x,Top pair,18,1134,61436.10733000002,0.0,0.9594962680776017,0.04050373456790124,C,0.0405037332451499,2.1685057053562205e-05,0.023911369440000385
A[9-7]x,Air + draw,18,508,24575.16567999999,0.0036361677469135805,0.40765688326018124,0.5887069424668309,C/R,0.27249005905511814,0.00543501569408013,0.35640325
A[9-7]x,Third pair,18,354,17987.798139999988,0.026209756613756616,0.8755835671516754,0.0982066776234568,C,0.1244467782485876,0.0019027837504052576,0.18961509999999998
A[9-7]x,Second pair,18,480,27194.966579999986,0.0037799765873015876,0.7279371775232483,0.268282844368286,C,0.2735723239583331,0.0033248089191030917,0.13074752671200002
A[9-7]x,Two pair+,18,199,12437.697710000004,0.0,0.3298764527777778,0.6701235407407408,R,0.3329496457286432,0.0067258797533852974,0.12441000000000031
A[9-7]x,Underpair,18,312,19700.33099999999,0.05228054398148149,0.940519226080247,0.007200225308641974,C,0.05867665865384619,0.00014605822478499332,0.013208370704999996
A[6-2]x,Weak pair,9,120,8092.685299999997,0.405794524691358,0.5428481604938271,0.051357320987654324,F/C,0.4515143125,0.12898037663353945,0.482483685862
A[6-2]x,Air + draw,10,260,7557.69381,0.0022564991666666665,0.4598069786607143,0.5379365286309523,C/R,0.3360774115384613,0.012675978844797283,0.16476458170000044
A[6-2]x,Third pair,10,135,4220.150939999999,0.0017629708333333333,0.6897828222222222,0.3084542069444445,C,0.26844624444444437,0.004815228916936454,0.3101761565999997
A[6-2]x,Air,10,1888,69976.14189000001,0.9702801072908616,0.02868978812401988,0.0010301030754189973,F,0.030199248146186436,0.0007140920637578935,0.409317
A[6-2]x,Top pair,10,630,25292.824146000006,0.0,0.9446549238095239,0.05534507301587303,C,0.05534507460317463,4.7352459628309917e-05,0.007713548640000312
A[6-2]x,Second pair,10,219,7870.734969999997,1.2916666666666667e-06,0.6291580083333332,0.37084071527777773,C/R,0.27499649543378984,0.018094272513931305,0.2112571
A[6-2]x,Two pair+,10,137,4096.692765000001,0.0,0.2473620860714286,0.7526379289285714,R,0.24249207299270076,0.006617518596252281,0.2956194087600011
A[6-2]x,Underpair,10,360,20029.19999999999,0.06192332242063492,0.8950551400595238,0.04302151569444444,C,0.11031319583333322,0.0019967706127814763,0.0433834638917
BBB,Weak pair,4,204,27846.584299999995,0.9444444444444444,0.025100611111111108,0.030454944444444444,F,0.058823529411764705,0.05396074514824747,1.8436581433600001
BBB,Air,4,224,21782.120399999993,1.0,0.0,0.0,F,0.0,0.0,0.0
BBB,Top pair,4,177,14514.736320000004,0.13303223412698412,0.835339838888889,0.03162792698412698,C,0.16497628248587567,0.0026676212655603205,0.0575218
BBB,A-high + draw,4,128,12947.042199999993,0.7913865234375002,0.130588640625,0.07802484375,F,0.20861348046875,0.03464358730403362,0.846838386144
BBB,Second pair,4,150,12134.164400000001,0.21747311634199135,0.7326230411255411,0.04990383658008658,C,0.27203732333333347,0.03555042594718134,0.4920292
BBB,Air + draw,4,144,14628.868600000005,0.5629503080815018,0.21107198397435895,0.22597772653388276,F/R,0.5411804131944445,0.399429664630898,1.1889555
BBB,Third pair,4,168,11802.493589999996,0.39071914040404043,0.5040346964646465,0.1052461515151515,F/C,0.4598240803571428,0.21879460498982253,0.8567878629699999
BBB,Two pair+,4,218,15916.667239999995,0.0,0.6463131910012173,0.3536867995648204,C/R,0.309751256880734,0.005254232913684448,0.1353200000000001
BBx,Weak pair,47,2166,260757.41030000028,0.9385737302150169,0.056429835781830466,0.00499643477710233,F,0.06509600923361032,0.012553772894921017,1.8304510465
BBx,Air,47,3492,290784.2967999995,1.0,0.0,0.0,F,0.0,0.0,0.0
BBx,Top pair,47,2433,166766.23882000017,1.5652482269503543e-05,0.8725419561727293,0.12744238960208193,C,0.12572218762844223,0.0007831978359021418,0.22443000000000027
BBx,A-high,47,1284,114802.46959999973,1.0,0.0,0.0,F,0.0,0.0,0.0
BBx,Second pair,47,2376,145684.9191800002,0.03021505778129095,0.8595968880266652,0.11018805137698234,C,0.13961508670033645,0.0013700697789088521,0.2466541
BBx,Third pair,47,1023,87076.6808,0.19420475449172567,0.6031534515647867,0.20264178837386018,C/R,0.43148121652003973,0.041823765410490606,0.59586185
BBx,Air + draw,47,1672,112181.41950999999,0.31033658920991836,0.37142472149285394,0.3182386910044594,C/R,0.4657562936602864,0.10335882615557787,1.65631545
BBx,Two pair+,47,958,68738.79171,0.0,0.16946582958009898,0.8305341813166871,R,0.21191129070981216,0.0016648093948391572,0.22216000000000022
BBx,A-high + draw,42,1056,95874.59940000005,0.10527769434523811,0.6505871921130952,0.24413510818452386,C,0.3584022462121212,0.009769657481628915,1.1885006
BBx,Underpair,16,96,6508.735400000001,8.541666666666667e-07,0.9635196354166667,0.0364795,C,0.036480359375,1.2220193246033624e-05,0.0008475250000000046
K/Qx con,Weak pair,12,252,26574.79809999999,0.9182400972222222,0.08174463703703704,1.5259259259259258e-05,F,0.07610765277777777,0.0009761420434941531,0.030463236903000002
K/Qx con,Air,14,1468,74447.57814999993,0.9569651510743764,0.0391884194690852,0.003846431527037933,F,0.04775810762942778,0.002980760619682006,0.46407223712300005
K/Qx con,Top pair,14,870,42951.773189999985,0.0,0.8658827906307975,0.13411720709647496,C,0.13418572413793106,0.0005049535298633705,0.16032454877999952
K/Qx con,A-high,14,816,56696.34321999999,0.6995645701176303,0.2757013161493764,0.024734121279761906,F,0.306342882965686,0.02574372967575257,0.653616
K/Qx con,Air + draw,14,488,26170.45702,0.0031478550170068033,0.34196726451118326,0.6548848967854567,R,0.38573644979508215,0.0036488365573995223,0.3678026
K/Qx con,Third pair,14,270,18154.28102999999,0.0,0.8085826979591838,0.19141729727891152,C,0.1607299462962963,0.0015255760133044227,0.0227177499499998
K/Qx con,Second pair,14,309,20065.746479999998,0.0,0.7878531126700681,0.21214688358843534,C,0.1966727071197412,0.003456913814778073,0.1276
K/Qx con,Two pair+,14,178,13094.679409999995,0.0,0.2366633227040816,0.7633366951530612,R,0.24698760955056176,0.002236617726273717,0.05697765080000039
K/Qx con,Underpair,14,420,31992.309999999998,0.016009386692176872,0.972428824787415,0.011561796853741497,C,0.03761044404761905,0.0004236137722333895,0.019583315544000002
K/Qx dis,Weak pair,42,1092,128776.54280000001,0.6439013068121692,0.35609599993386243,2.6838624338624335e-06,F/C,0.34090336950549444,0.018170311485611355,0.13981875
K/Qx dis,Air,42,4516,277486.8230100003,0.9541140691462162,0.037411301477419875,0.008474628492155223,F,0.05384680768379099,0.003216929131607047,0.47293548805999996
K/Qx dis,Top pair,42,2616,152165.97556000005,0.0,0.8686830638888892,0.13131693499622069,C,0.13121532282110096,0.00048691707334893637,0.27235000000000015
K/Qx dis,A-high,42,2640,214262.88283999986,0.7020973221489988,0.26455433313846366,0.03334834545068027,F,0.29688468011363633,0.024258559395754022,0.693785
K/Qx dis,Third pair,42,747,53182.16244999995,0.0,0.784915806500378,0.21508418961640208,C,0.1867351204819275,0.002307279760339727,0.16016743728000016
K/Qx dis,Air + draw,38,1336,82061.01279999988,0.002500202184382525,0.37743806989962664,0.6200617266889651,C/R,0.27042080351796405,0.004610451769730507,0.2933133
K/Qx dis,Second pair,42,1092,83484.21770999998,1.8518518518518518e-08,0.7623885101081681,0.23761147059168794,C,0.23051395283882772,0.0012462127316216795,0.05036202599999982
K/Qx dis,Two pair+,42,446,41206.70499999997,0.0,0.17597872321428573,0.8240212730158731,R,0.18320114013452926,0.0016335730451610103,0.07680000000000006
K/Qx dis,Underpair,42,924,76094.55199999997,0.0022534315381708236,0.9899783847505672,0.007768180867346938,C,0.014737816017316037,6.178989464655096e-05,0.012094223850000002
K/Qx con,A-high + draw,7,80,5072.347200000001,0.0648504419642857,0.3567860133928571,0.5783635491071429,C/R,0.32282281875,0.00854816758104673,0.058736798193499994
K/Qx dis,A-high + draw,6,48,2559.9776999999995,0.0,0.28752018749999997,0.7124798124999999,R,0.28752018749999997,0.0016135360260747765,0.007570540390000069
BBx,2 overcards + draw,23,500,22133.522050000007,0.0,0.6645273234519103,0.33547269038208166,C,0.3674698980000001,0.001787043004299638,0.20673999999999956
K/Qx con,2 overcards,7,84,1593.3224999999995,0.10478119047619047,0.8952187976190477,0.0,C,0.10478119642857141,0.002130974249133192,0.055278953337500006
K/Qx dis,2 overcards,21,252,5535.514600000002,0.0,1.0,0.0,C,0.0,0.0,0.0
[J-8]x con,Weak pair,22,444,43434.64126,0.7301181094155843,0.2694729788419913,0.0004088969696969697,F,0.2035408873873873,0.05064105029100716,1.4287334919499999
[J-8]x con,Air,26,1556,95366.21583,0.9692522238115386,0.012811282443791368,0.017936498390313783,F,0.04245697043701797,0.0007193144424851292,0.17684764792
[J-8]x con,Air + draw,26,806,44952.76889300006,0.13681478653984905,0.21359044074883446,0.6495947663660991,C/R,0.4294766612903229,0.12766496170768013,1.5038886999999999
[J-8]x con,A-high,25,460,33652.762679,0.7282672665833334,0.139936172,0.1317965495833333,F,0.24685406739130436,0.018661389757979124,0.291113130936
[J-8]x con,Third pair,26,528,33607.148050000025,0.020697905677655684,0.8497456771164023,0.1295564138583639,C,0.1469167017045455,0.0040594703606876646,0.3693092
[J-8]x con,Second pair,26,600,38142.98855999997,0.014202956043956046,0.808864018645706,0.17693302163715913,C,0.19543971333333326,0.002264198509539816,0.2699659
[J-8]x con,Two pair+,26,527,31201.237611000022,0.0,0.29894857482383164,0.7010514296858369,R,0.33709970777988635,0.012137612610632752,0.3030799999999999
[J-8]x con,Top pair,26,1194,60506.00333999992,5.5907610907610904e-06,0.7646274883061454,0.23536691895451384,C,0.22447062897822467,0.000801552056146348,0.22463999999999978
[J-8]x con,A-high + draw,23,216,14136.94836,0.10939357717391304,0.39661039945652177,0.49399600706521735,C/R,0.31224102083333327,0.08350388671099498,1.53056775
[J-8]x con,2 overcards + draw,26,856,29150.29773799999,0.05202840884149185,0.6105429001722341,0.3374286820024547,C/R,0.3655135461448595,0.010101436754501515,0.37486664999999997
[J-8]x con,Underpair,22,444,41177.16530000003,0.001862681565656565,0.9171847716630591,0.08095254487734488,C,0.07612079504504503,7.381329918003702e-05,0.0030367994569999723
[J-8]x con,2 overcards,25,1950,105399.83753299997,0.6195805840002899,0.3691935229766283,0.0112258899073221,F/C,0.4088333951282052,0.050360355624731776,0.750905
[J-8]x dis,Weak pair,67,1602,171323.5370999998,0.5206631784411276,0.4778341799751244,0.0015026504145936983,F/C,0.3608317643570541,0.058665941889524065,1.8472112760499992
[J-8]x dis,Air,67,4380,287026.6975700008,0.972166378018084,0.010651017804765975,0.017182607520067204,F,0.03257462751141554,0.001094263457470808,0.24726310165999998
[J-8]x dis,A-high,67,1616,127823.53080499993,0.6974520504353234,0.1735841257773632,0.12896382792288558,F,0.26177807673267317,0.0243534603828963,0.446433348508
[J-8]x dis,Third pair,67,1269,81977.13431000014,6.218905472636815e-10,0.9054093124378109,0.09459068159401406,C,0.09719253270291572,0.00041512602044103594,0.021676782890000013
[J-8]x dis,Air + draw,67,2117,133448.508974,0.040697125305044,0.30331477088823505,0.6559880971158331,R,0.3825575446386401,0.02095365368539406,1.6562823999999998
[J-8]x dis,Second pair,67,1671,122677.33164000003,0.0,0.7941352225057973,0.2058647796841909,C,0.20418239676840225,0.0006193090428982364,0.03538161936000002
[J-8]x dis,Two pair+,67,905,68786.83858000001,0.0,0.21498787250458679,0.7850121171099321,R,0.21776675580110494,0.005145400299198557,0.17038330080000036
[J-8]x dis,Top pair,67,3210,174163.05658000006,0.0,0.7972741144138901,0.20272588938550087,C,0.1937789615264795,0.0003868475652583812,0.19761071185999982
[J-8]x dis,A-high + draw,22,188,11367.001900000001,0.05207025113636363,0.34070245,0.6072272784090909,C/R,0.2804591515957447,0.016413310415788425,1.05771005
[J-8]x dis,Underpair,52,726,69479.3785,1.5246634615384615e-05,0.9674043141025641,0.03258043504273504,C,0.0384578870523416,1.331708672208516e-05,0.0009450919249999856
[J-8]x dis,2 overcards + draw,67,2076,73197.18754499992,0.018454237919724423,0.5693646288815617,0.4121811306714331,C/R,0.27056381454720607,0.0041111235104788705,0.23779395
[J-8]x dis,2 overcards,67,4997,294445.71659499913,0.557551072505426,0.43246814097063824,0.009980784501895141,F/C,0.40147610356213687,0.05032824732126321,0.710135
[J-8]x con,Overpair,18,204,10696.933600000002,0.0,0.7265575262345679,0.27344246296296293,C,0.24933432598039226,0.0002344061787933682,0.007539377159999816
[J-8]x dis,Overpair,46,486,27185.199399999998,0.0,0.7240953218599032,0.2759046859903382,C,0.2487652448559671,4.136213989421262e-05,0.0015800327400000923
[7-4]x,Weak pair,16,180,7757.235071,0.16937232465277777,0.7873729114583333,0.04325475,C,0.22169780833333325,0.008787787519368536,0.17185630000000002
[7-4]x,Air + draw,19,368,9995.483900999994,0.02256373364661654,0.18744871701957097,0.789987546843211,R,0.21802871603260857,0.00228939572806186,0.6265896
[7-4]x,Third pair,20,273,8054.742045000005,0.0,0.8206240219444444,0.17937598513888892,C,0.17125094139194147,0.00018099357034297435,0.06465999999999994
[7-4]x,Air,10,144,6425.455924000001,0.9609469268560605,0.003780954450757576,0.03527210867424242,F,0.08920157638888887,0.0004661900496717573,0.0191734330648
[7-4]x,A-high,7,36,1777.6432570000002,0.631628261904762,0.16528989285714288,0.20308180952380955,F/R,0.5047292083333333,0.22896527427151153,0.66178
[7-4]x,Two pair+,20,380,9870.09046799999,0.0,0.24520301849480447,0.7547969739506017,R,0.2518717657894737,0.008947586956392146,0.15579525289999907
[7-4]x,Second pair,20,402,12697.314481999972,0.0,0.813083244398148,0.18691675490740747,C,0.18811655597014926,0.0005038755580077435,0.07611614781000035
[7-4]x,A-high + draw,15,132,4552.951426,0.03992488333333333,0.44365463888888895,0.5164204777777778,C/R,0.23906885606060602,0.000718403215799375,0.16704455
[7-4]x,Top pair,20,506,16055.888675000004,0.0,0.6659205907286634,0.3340794112640901,C,0.33554925790513823,0.0016327247364241273,0.11477999999999966
[7-4]x,Overpair,20,570,21758.095700000016,0.0,0.8222797684523808,0.17772022402777776,C,0.18074746052631596,0.000366566640680811,0.011856288559999938
[7-4]x,2 overcards + draw,20,1831,47030.67942699996,0.2508463451969566,0.4629617074336922,0.28619195047793344,C/R,0.48219361933369775,0.04401918170096443,0.5378254
[7-4]x,2 overcards,20,2765,110225.13936800008,0.7969162884174097,0.19696621815749776,0.006117485864682327,F,0.21524634737793838,0.03665137672237254,1.48821
[7-4]x,Underpair,10,90,4951.856899999998,0.0,0.9179778694444444,0.08202216388888889,C,0.08074390000000001,0.00017615465176174083,0.0021499155559999926
