flop_class,hand_category,boards_present,active_combos,reach_sum,mean_fold_frequency,mean_call_frequency,policy,mean_frequency_distance,mean_local_loss_bb,max_combo_loss_bb
ABB,Weak pair,6,288,3180.079030999999,1.0,0.0,F,0.0,0.0,0.0
ABB,Top pair,6,48,957.327,1.0,0.0,F,0.0,0.0,0.0
ABB,Top pair + BDFD,6,96,1570.9222299999997,0.46386493749999996,0.5361350625,F/C,0.15523840624999993,0.007112627828543704,0.0675001044425
ABB,Air,6,32,56.455929999999995,1.0,0.0,F,0.0,0.0,0.0
ABB,Air + BDFD,6,96,285.99846299999996,1.0,0.0,F,0.0,0.0,0.0
ABB,Second pair,6,18,187.25537999999997,1.0,0.0,F,0.0,0.0,0.0
ABB,Second pair + BDFD,6,36,276.84045999999995,0.8980959500000001,0.10190413333333331,F,0.14020565277777777,0.01652181974384262,0.121095703496
ABB,Air + Gutshot,6,26,303.02977699999997,0.9481478611111113,0.05185213888888888,F,0.03341826923076923,0.0,0.0
ABB,Air + Gutshot + BDFD,6,78,775.072721,0.1593452962962963,0.8406547222222223,C,0.2174745641025641,0.026394930402037147,1.2372032000000002
ABB,Third pair,6,9,90.416215,1.0,0.0,F,0.0,0.0,0.0
ABB,Third pair + BDFD,6,18,149.223966,0.999985,1.4999999999999999e-05,F,1.0777777777778543e-05,0.0,0.0
ABB,Weak pair + Gutshot,5,48,738.3874000000001,0.5612044833333334,0.4387955833333333,F/C,0.2270648125,0.04289291513528643,0.36057702096
ABB,Two pair+,6,257,3972.5415479999992,0.00012728921568627453,0.9998727107843136,C,0.00010103891050583672,0.0,0.0
ABB,Third pair + Gutshot,6,84,648.4300329999999,0.771601275,0.228398725,F,0.1995835000000002,0.02040650114444658,0.31457999999999997
ABB,Second pair + Gutshot,6,120,1169.669707,0.5666159416666666,0.433384075,F/C,0.2937471250000001,0.045620929566976755,0.350865
ABB,Top pair + Gutshot,6,120,2098.8986,0.0061112250000000005,0.9938887833333333,C,0.0061112208333333334,0.0001512828762991518,0.010262563882999998
ABB,Two pair+ + BDFD,6,36,689.4161000000003,0.0,1.0,C,0.0,0.0,0.0
ABB,Second pair + Gutshot + BDFD,6,24,427.54990000000004,0.0,1.0,C,0.0,0.0,0.0
ABB,Top pair + Gutshot + BDFD,6,24,467.9786,0.0,1.0,C,0.0,0.0,0.0
ABB,Third pair + Gutshot + BDFD,6,24,397.24870000000004,0.0,1.0,C,0.0,0.0,0.0
A[K/Q]x,Weak pair,16,911,6652.663742000001,0.8156574846829882,0.18434251334941934,F,0.1839086739846322,0.02706472935204875,1.0093400000000001
A[K/Q]x,Top pair,16,592,7539.088050000007,0.28910216047297294,0.7108978361486485,C,0.2891021621621621,0.011050849462525556,0.2729282
A[K/Q]x,Top pair + BDFD,16,320,3933.43044,0.0,1.0,C,0.0,0.0,0.0
A[K/Q]x,Air,16,134,500.91579700000017,1.0,0.0,F,0.0,0.0,0.0
A[K/Q]x,Air + BDFD,16,438,1828.0817909999996,0.9646207714748372,0.03537922852516296,F,0.03095841552511416,0.0031103706102697895,0.638185
A[K/Q]x,Second pair,16,508,3591.9131359999983,0.9158347664213138,0.08416523562316917,F,0.08543855807086613,0.004097263407026813,0.062358149293
A[K/Q]x,Second pair + BDFD,16,180,1489.2467089999998,3.59375e-06,0.9999964062500001,C,3.6055555555555847e-06,0.0,0.0
A[K/Q]x,Third pair,12,36,195.21366099999995,0.01358603333333333,0.9864139875000001,C,0.018129708333333334,0.0,0.0
A[K/Q]x,Third pair + BDFD,12,72,357.3668090000001,0.0,1.0,C,0.0,0.0,0.0
A[K/Q]x,Two pair+,16,294,4569.970174000002,0.0,1.0,C,0.0,0.0,0.0
A[K/Q]x,Two pair+ + BDFD,16,38,558.5116300000001,0.0,1.0,C,0.0,0.0,0.0
A[K/Q]x,Air + Gutshot,16,437,3810.056923999996,0.21092350901124338,0.7890765000826718,C,0.21146855835240266,0.006020252442712434,0.1574238
A[K/Q]x,Air + Gutshot + BDFD,16,159,2625.7728760000005,0.00019898437499999997,0.999801015625,C,0.00024028301886792463,0.0,0.0
ABB,Air + OESD,3,5,40.56747,0.16666666666666666,0.8333333333333334,C,0.2,0.05815759984529476,0.8651465999999999
ABB,Air + OESD + BDFD,3,15,130.206205,0.03583316666666667,0.9641668333333334,C,0.042999800000000005,0.0008872604342062484,0.052120116917600004
ABB,Underpair + Gutshot,3,24,430.0413,0.005626833333333334,0.9943731666666666,C,0.008439916666666667,0.0,0.0
A[K/Q]x,Air + OESD,2,2,43.8844,0.0,1.0,C,0.0,0.0,0.0
A[K/Q]x,Air + OESD + BDFD,2,6,125.2646,0.0,1.0,C,0.0,0.0,0.0
A[K/Q]x,Underpair,8,48,129.26933199999993,0.18763572916666665,0.8123642916666666,C,0.18763571875000004,0.0,0.0
A[J-T][9-5],Weak pair,10,444,3297.7915099999987,0.951098190079365,0.04890181438492064,F,0.049409328828828834,0.0025093692649885537,0.253624561572
A[J-T][9-5],Top pair,10,368,4995.241731000001,0.2959697722222222,0.7040302195945946,C,0.2957308111413041,0.09088042377457342,1.1885857
A[J-T][9-5],Top pair + BDFD,10,200,2663.7741330000003,0.0,1.0,C,0.0,0.0,0.0
A[J-T][9-5],Air,10,79,552.4583749999999,1.0,0.0,F,0.0,0.0,0.0
A[J-T][9-5],Air + BDFD,10,234,1579.8165649999994,0.9672420645193072,0.03275793203241697,F,0.042152425213675224,0.008545448621309584,0.5456873342139998
A[J-T][9-5],Air + Gutshot,10,350,4763.707943999999,0.4637591950827402,0.536240786246116,F/C,0.2706986257142856,0.03286934846810792,2.2871200000000003
A[J-T][9-5],Air + Gutshot + BDFD,10,117,2260.5093470000006,0.00011787777777777777,0.9998821222222223,C,9.067521367521359e-05,0.0,0.0
A[J-T][9-5],Third pair,10,37,279.076832,0.5423895816666666,0.45761041833333344,F/C,0.37271894594594596,0.10947975318975971,0.49816000000000005
A[J-T][9-5],Air + OESD,5,57,454.8050060000001,0.0,1.0,C,0.0,0.0,0.0
A[J-T][9-5],Air + OESD + BDFD,5,27,407.88319700000005,0.0,1.0,C,0.0,0.0,0.0
A[J-T][9-5],Third pair + BDFD,10,74,501.27541299999996,0.0,1.0,C,0.0,0.0,0.0
A[J-T][9-5],Two pair+,10,183,3925.7703620000007,0.0,1.0,C,0.0,0.0,0.0
A[J-T][9-5],Two pair+ + BDFD,10,23,427.811273,0.0,1.0,C,0.0,0.0,0.0
A[J-T][9-5],Second pair,10,222,1290.9662150000004,0.7434847560417842,0.2565152621400339,F,0.2579918558558558,0.051594184707960886,1.12194
A[J-T][9-5],Second pair + BDFD,10,84,957.6706099999997,6.434999999999999e-06,0.9999935649999999,C,6.6785714285716295e-06,0.0,0.0
A[J-T][9-5],Underpair,10,111,329.81938299999996,0.5061535583333333,0.49384643333333333,F/C,0.30619524324324354,0.054328916708430465,0.35318375
A[J-T][4-2],Weak pair,6,237,1646.4217890000002,0.6880812956105119,0.3119186997598585,F,0.31033322995780616,0.039315065138228,0.587262174822
A[J-T][4-2],Top pair,6,222,2369.9099839999994,0.23918553153153152,0.760814463963964,C,0.23918553378378374,0.03523065258175018,0.7090038
A[J-T][4-2],Top pair + BDFD,6,120,1197.2960450000003,0.0,1.0,C,0.0,0.0,0.0
A[J-T][4-2],Two pair+,6,108,1806.5904400000002,4.62962962962963e-08,0.9999999537037038,C,4.629629629644794e-08,0.0,0.0
A[J-T][4-2],Third pair,2,2,12.471540000000001,0.0,1.0,C,0.0,0.0,0.0
A[J-T][4-2],Third pair + BDFD,2,4,22.56736,0.0,1.0,C,0.0,0.0,0.0
A[J-T][4-2],Two pair+ + BDFD,6,12,216.54880000000003,0.0,1.0,C,0.0,0.0,0.0
A[J-T][4-2],Air,6,75,411.56380599999983,1.0,0.0,F,0.0,0.0,0.0
A[J-T][4-2],Air + BDFD,6,225,1045.4138689999995,0.9688351413817662,0.031164853988603983,F,0.030432304444444447,0.0065402204788359355,0.355812661248
A[J-T][4-2],Second pair,6,135,359.76540000000006,0.5708194575098814,0.42918055006587613,F/C,0.2749881518518519,0.029723506012077155,0.235476843698
A[J-T][4-2],Second pair + BDFD,6,54,400.45339900000005,0.0,1.0,C,0.0,0.0,0.0
A[J-T][4-2],Air + Gutshot,6,238,2661.0401829999987,0.5455084988247862,0.45449150961538454,F/C,0.2543262647058822,0.037123219494285264,2.38571
A[J-T][4-2],Air + Gutshot + BDFD,6,66,1348.7550400000002,0.0,1.0,C,0.0,0.0,0.0
A[J-T][4-2],Underpair,6,53,78.21954100000002,0.47089253661616165,0.5291074494949496,F/C,0.24648353773584916,0.01695953368975981,0.099105840457
A[9-7]x,Weak pair,18,464,514.0706379999998,0.5872593140499889,0.412740679862756,F/C,0.3879545743534486,0.19862949874192434,0.7951015499999999
A[9-7]x,Top pair,18,794,6417.345517999998,0.30840685443267396,0.6915931455646229,C,0.3079643022670024,0.009444582087828841,0.9182693000000001
A[9-7]x,Top pair + BDFD,18,334,3462.9167540000003,0.00013071446962313192,0.9998692884543535,C,0.00012027994011976034,0.0,0.0
A[9-7]x,Air,18,1267,9894.99975299998,0.9950093509037813,0.004990649878691292,F,0.005212533149171271,0.00030788513220429274,0.657844596208
A[9-7]x,Air + BDFD,18,641,4590.256034000005,0.5127702981351958,0.48722970699373985,F/C,0.38680017394695804,0.14545796031103353,1.072415
A[9-7]x,Air + Gutshot,16,50,249.279401,0.0,1.0,C,0.0,0.0,0.0
A[9-7]x,Air + Gutshot + BDFD,16,78,537.252509,0.0,1.0,C,0.0,0.0,0.0
A[9-7]x,Air + OESD,9,13,70.06544299999999,0.0,1.0,C,0.0,0.0,0.0
A[9-7]x,Air + OESD + BDFD,9,39,206.44664500000005,0.0,1.0,C,0.0,0.0,0.0
A[9-7]x,Third pair + BDFD,12,61,227.07902899999993,0.0,1.0,C,0.0,0.0,0.0
A[9-7]x,Third pair,12,24,80.07253399999999,0.18034904166666665,0.8196509305555555,C,0.2788422708333333,0.08610853297912702,0.8854832050113
A[9-7]x,Two pair+,18,202,2786.308927000001,0.0,1.0,C,0.0,0.0,0.0
A[9-7]x,Two pair+ + BDFD,18,40,630.9861899999999,0.0,1.0,C,0.0,0.0,0.0
A[9-7]x,Second pair,18,71,300.83911,0.00017486388888888888,0.999825136111111,C,0.00017798591549295705,0.0,0.0
A[9-7]x,Second pair + BDFD,18,152,822.8753489999998,0.0,1.0,C,0.0,0.0,0.0
A[9-7]x,Underpair,18,419,1747.0463200000006,0.012602067901234568,0.9873979351851853,C,0.009744795942720765,0.0002461244203766169,0.038816870441999995
A[6-2]x,Weak pair,4,66,41.359635,0.2715245625,0.728475453125,C,0.27339682575757573,0.24000540324623115,0.8995979000000001
A[6-2]x,Top pair + BDFD,10,165,1486.3370550000002,3.9e-05,0.9999610000000001,C,4.242424242424244e-05,0.0,0.0
A[6-2]x,Third pair,2,2,6.1052,0.0,1.0,C,0.0,0.0,0.0
A[6-2]x,Top pair,10,419,2490.6140470000014,0.2769594673278466,0.7230405280738447,C,0.27980762052505964,0.005960996855279806,0.1988030451972
A[6-2]x,Third pair + BDFD,2,6,23.885727,0.0,1.0,C,0.0,0.0,0.0
A[6-2]x,Two pair+,10,113,995.9580189999999,0.0,1.0,C,0.0,0.0,0.0
A[6-2]x,Two pair+ + BDFD,10,25,319.63196,0.0,1.0,C,0.0,0.0,0.0
A[6-2]x,Second pair,7,21,81.775833,0.007751571428571429,0.9922484285714285,C,0.005167714285714286,0.0,0.0
A[6-2]x,Second pair + BDFD,7,42,180.08455599999996,0.0,1.0,C,0.0,0.0,0.0
A[6-2]x,Underpair,10,359,1194.8052919999998,0.028989930519993677,0.9710100720365101,C,0.029751625348189415,0.0017974316794863155,0.1222230317946
A[6-2]x,Air + OESD,4,4,17.05602,0.0,1.0,C,0.0,0.0,0.0
A[6-2]x,Air,10,716,3830.4283149999997,0.9966501594594595,0.0033498405405405405,F,0.0034621256983240222,0.00023440927322149912,0.7145267457510001
A[6-2]x,Air + OESD + BDFD,4,12,49.84379,0.0,1.0,C,0.0,0.0,0.0
A[6-2]x,Air + BDFD,10,436,2028.3220770000012,0.5927782610087146,0.4072217466745153,F/C,0.37927681307339456,0.09651176759785399,0.938175
A[6-2]x,Air + Gutshot,8,12,45.49698000000001,0.0,1.0,C,0.0,0.0,0.0
A[6-2]x,Air + Gutshot + BDFD,8,36,145.319422,0.0,1.0,C,0.0,0.0,0.0
A[6-2]x,Weak pair + Gutshot,5,48,56.63292699999998,0.0,1.0,C,0.0,0.0,0.0
A[6-2]x,Top pair + Gutshot,6,11,58.235330000000005,0.0,1.0,C,0.0,0.0,0.0
A[6-2]x,Top pair + Gutshot + BDFD,6,23,123.60841599999999,0.0,1.0,C,0.0,0.0,0.0
A[6-2]x,Second pair + Gutshot,4,4,14.465760000000001,0.0,1.0,C,0.0,0.0,0.0
A[6-2]x,Second pair + Gutshot + BDFD,4,8,27.21087,0.0,1.0,C,0.0,0.0,0.0
A[6-2]x,Underpair + Gutshot,3,24,47.21103499999999,0.0,1.0,C,0.0,0.0,0.0
BBB,Weak pair,4,162,1295.9975910000007,1.0,0.0,F,0.0,0.0,0.0
BBB,A-high + Gutshot,4,30,525.0605,1.0,0.0,F,0.0,0.0,0.0
BBB,A-high + Gutshot + BDFD,4,90,1506.2505999999998,0.6368278298611111,0.36317219444444443,F/C,0.1995322666666667,0.025282788762504164,0.19921415
BBB,Air,4,17,41.79455999999999,1.0,0.0,F,0.0,0.0,0.0
BBB,Air + BDFD,4,51,159.215813,1.0,0.0,F,0.0,0.0,0.0
BBB,Top pair,3,12,133.42350000000002,1.0,0.0,F,0.0,0.0,0.0
BBB,Top pair + BDFD,3,24,173.71249999999998,0.9972832916666666,0.0027167083333333336,F,0.0027167083333333327,0.0,0.0
BBB,Air + Gutshot,4,5,10.383108,1.0,0.0,F,0.0,0.0,0.0
BBB,Air + Gutshot + BDFD,4,15,31.221618000000007,1.0,0.0,F,0.0,0.0,0.0
BBB,Air + OESD + BDFD,3,18,87.98060500000001,0.3333333333333333,0.6666666666666666,C,0.16666666666666666,0.012479289156087297,0.4621746
BBB,Weak pair + Gutshot,4,24,348.88887000000005,1.0,0.0,F,0.0,0.0,0.0
BBB,Two pair+,4,169,2354.962002,0.0,1.0,C,0.0,0.0,0.0
BBB,Third pair + Gutshot,4,43,413.8250800000001,0.9329927863636363,0.06700721363636362,F,0.06590741860465116,0.002512579613331685,0.151486025265
BBB,Second pair + Gutshot,4,43,584.1821600000001,0.7326339022727274,0.26736609772727266,F,0.2683968139534883,0.015090587825814256,0.108167942091
BBB,Top pair + Gutshot,4,43,650.12784,0.2915047522727273,0.7084952477272728,C,0.2906123720930233,0.16346082007809692,1.4313911
BBB,Two pair+ + BDFD,4,39,575.76847,0.0,1.0,C,0.0,0.0,0.0
BBB,Second pair + Gutshot + BDFD,4,13,175.27722899999998,0.12255102083333333,0.8774489791666668,C,0.14938315384615383,0.0,0.0
BBB,Top pair + Gutshot + BDFD,4,14,242.86642999999995,0.0007816875,0.9992183125,C,0.0008933571428571445,0.0,0.0
BBB,Third pair + Gutshot + BDFD,4,16,152.763734,0.4859749375,0.5140250625,F/C,0.4859749375,0.5559314791453853,0.815885
BBB,Weak pair + OESD,3,18,261.9954,0.2367518888888889,0.763248111111111,C,0.2367518888888889,0.010168396282190647,0.071419596066
BBB,Third pair + OESD,4,23,95.66215,0.04171727727272727,0.9582827,C,0.07651380434782609,0.04857789823710176,0.3803066
BBB,Second pair + OESD,4,32,212.40662600000002,0.022727272727272728,0.9772727272727273,C,0.03125,0.007749250666313959,0.35709080000000004
BBB,Top pair + OESD,4,41,478.69852999999995,0.022212568181818184,0.9777874318181818,C,0.02383787804878049,0.009074289704585894,0.270292836268
BBB,Second pair + OESD + BDFD,4,10,115.87310000000001,0.0,1.0,C,0.0,0.0,0.0
BBB,Top pair + OESD + BDFD,4,10,159.9694,0.0,1.0,C,0.0,0.0,0.0
BBB,Third pair + OESD + BDFD,4,10,123.53548,0.0,1.0,C,0.0,0.0,0.0
BBB,Overpair + Gutshot,4,24,429.71139999999997,0.0,1.0,C,0.0,0.0,0.0
BBB,Third pair,2,2,0.034928,1.0,0.0,F,0.0,0.0,0.0
BBx,Weak pair,47,1852,10579.45026200003,0.9744056781130139,0.025594321282392026,F,0.03202507640388768,0.0030855509433404694,0.291270032508
BBx,A-high,47,319,6241.738971000003,1.0,0.0,F,0.0,0.0,0.0
BBx,A-high + BDFD,47,963,16417.822760000006,1.0,0.0,F,0.0,0.0,0.0
BBx,Air,47,246,1646.9333300000008,1.0,0.0,F,0.0,0.0,0.0
BBx,Air + BDFD,47,735,4631.022682000002,0.9999869478236685,1.3052176331525519e-05,F,1.40707482993197e-05,5.9244664996834045e-09,1.8170603099999998e-05
BBx,Top pair,47,1399,17916.764080999983,0.35697571004493156,0.6430242943088956,F/C,0.39855937991422447,0.13284774953671494,0.78158
BBx,Top pair + BDFD,47,500,8981.575220000002,1.1933510638297872e-05,0.9999880638297873,C,1.421499999999989e-05,0.0,0.0
BBx,Third pair,47,115,1039.725076,0.7210938372340425,0.27890614609929076,F,0.3376651956521739,0.13293223734206122,1.72516
BBx,Air + Gutshot,47,98,945.449177,0.7213000230496455,0.2786999769503547,F,0.30951346938775515,0.06249210257375829,2.76447
BBx,Air + Gutshot + BDFD,47,315,3312.4584340000006,0.1360202912529551,0.8639797087470448,C,0.1608982095238095,0.03414882377841789,1.7302741999999998
BBx,Third pair + BDFD,45,226,2142.772120999998,0.08462832277777778,0.9153716772222222,C,0.06196346017699116,0.00223748480886731,0.9268578
BBx,Two pair+,47,833,14172.955610999992,0.0,1.0,C,0.0,0.0,0.0
BBx,Third pair + Gutshot,9,13,56.931696,0.5573768888888889,0.4426231111111111,F/C,0.4974140769230769,0.22744457274056495,0.731015
BBx,Third pair + Gutshot + BDFD,8,28,175.311333,0.0001344375,0.9998655625,C,0.00015364285714285764,0.0,0.0
BBx,Two pair+ + BDFD,47,102,1941.2900619999996,0.0,1.0,C,0.0,0.0,0.0
BBx,Weak pair + Gutshot,6,45,170.49632800000003,0.3484724388888889,0.6515275749999999,C,0.22104365555555555,0.626989295853829,1.5541435
BBx,Second pair + Gutshot,8,64,297.89350800000005,0.029730425946969695,0.9702695803030302,C,0.037836351562499995,0.0003141610443532018,0.7457428
BBx,Top pair + Gutshot,9,111,1310.3824309999998,0.00035178888888888894,0.9996482166666666,C,0.0005704639639639638,0.0,0.0
BBx,A-high + Gutshot,42,787,15372.975970000014,0.5547140558608058,0.4452859313186813,F/C,0.18994467598475231,0.016505183032650445,1.33111915
BBx,Second pair + Gutshot + BDFD,9,30,482.90693099999993,0.0,1.0,C,0.0,0.0,0.0
BBx,Top pair + Gutshot + BDFD,9,28,629.1200999999999,0.0,1.0,C,0.0,0.0,0.0
BBx,A-high + Gutshot + BDFD,42,201,4700.720869999998,0.11155678571428572,0.8884432103174604,C,0.07006546019900498,0.045962751505301755,1.4673218000000001
BBx,Second pair,47,942,5461.530982000004,0.5123317345392444,0.4876682635518587,F/C,0.3894668296178347,0.10684153523151536,0.5429371
BBx,Second pair + BDFD,47,367,4608.827361999998,2.2393617021276596e-06,0.9999977606382978,C,2.2942779291553264e-06,0.0,0.0
BBx,Overpair,47,444,11358.528099999996,0.02397533333333333,0.9760246607565013,C,0.01707129842342342,2.9266101001521458e-05,0.006441405019999999
BBx,Air + OESD,45,407,4687.073914999997,0.04257808888888889,0.957421911111111,C,0.007164653562653563,0.0011717757353017812,0.8938736
BBx,Air + OESD + BDFD,45,211,4031.814246,0.0036619388888888887,0.996338061111111,C,0.0031239289099526065,0.0,0.0
BBB,Air + OESD,2,5,35.4924,0.646888125,0.35311187499999996,F/C,0.26497899999999996,0.07653150818764097,0.6882305
BBB,Third pair + BDFD,1,1,1e-06,1.0,0.0,F,0.0,0.0,0.0
BBB,Underpair + OESD,1,6,106.9782,0.0,1.0,C,0.0,0.0,0.0
BBx,Underpair + Gutshot,3,24,197.25684000000004,0.0,1.0,C,0.0,0.0,0.0
BBx,Underpair,20,162,2177.7613799999995,0.27906838333333334,0.720931625,C,0.28269179629629626,0.006354696296296177,0.0587623962734
K/Qx con,Weak pair,8,75,86.44487699999995,0.99999975,2.5e-07,F,2.6666666666309924e-08,0.0,0.0
K/Qx con,A-high,14,496,7051.925563,0.9999999063492063,9.365079365079365e-08,F,1.189516129032573e-07,0.0,0.0
K/Qx con,A-high + BDFD,14,259,3503.6735960000005,0.6750479213282118,0.32495208889040567,F,0.33636806370656375,0.02891550352087726,0.439686
K/Qx con,Air,14,387,3629.1031039999993,0.9999996978021979,3.0219780219780216e-07,F,4.2635658914710556e-07,0.0,0.0
K/Qx con,Air + BDFD,14,317,2877.231109999995,0.578334558974844,0.42166544286346497,F/C,0.4430054274447952,0.1592535717943899,0.8616844
K/Qx con,Air + Gutshot,14,74,689.8928710000001,0.01066974074074074,0.9893302592592593,C,0.054502189189189185,0.0002517569844632324,0.0081268335808
K/Qx con,Air + Gutshot + BDFD,14,78,889.509921,0.0,1.0,C,0.0,0.0,0.0
K/Qx con,Top pair + BDFD,14,172,3551.209535000001,0.00010764489795918367,0.9998923551020409,C,8.90116279069769e-05,0.0,0.0
K/Qx con,Air + OESD,14,19,163.635272,0.0,1.0,C,0.0,0.0,0.0
K/Qx con,Top pair,14,521,4192.691157000001,0.16011371950267012,0.8398862811886358,C,0.14785220441458738,0.0035910079337751395,0.20201401348700002
K/Qx con,Air + OESD + BDFD,14,57,482.8590399999998,0.0,1.0,C,0.0,0.0,0.0
K/Qx con,Third pair + BDFD,14,53,259.66122700000005,0.0,1.0,C,0.0,0.0,0.0
K/Qx con,Third pair,10,10,12.508088,0.0007463,0.9992537,C,0.0007462999999999999,0.0,0.0
K/Qx con,Two pair+,14,147,2471.5177699999986,0.0,1.0,C,0.0,0.0,0.0
K/Qx con,Two pair+ + BDFD,10,23,298.7219799999999,0.0,1.0,C,0.0,0.0,0.0
K/Qx con,Second pair,13,36,181.94532200000003,0.00020803205128205125,0.9997919679487179,C,0.00015877777777777852,0.0,0.0
K/Qx con,Second pair + BDFD,14,76,830.9296290000002,0.0,1.0,C,0.0,0.0,0.0
K/Qx con,Underpair,13,419,2619.145732999996,0.0008491623931623931,0.9991508376068376,C,0.0004826252983293558,1.4656027848607145e-05,0.007115001816199995
K/Qx con,Overpair,14,126,3437.277299999999,0.0007591250000000001,0.999240875,C,0.0008887857142857151,0.0,0.0
K/Qx dis,Weak pair,39,803,1989.5383420000019,0.5460451640432779,0.45395483711297313,F/C,0.4336145485678704,0.14392418683123914,0.8922700000000001
K/Qx dis,A-high,42,1601,27363.02284599998,0.9996752172619048,0.0003247827380952381,F,0.0002726470955652717,2.4105907327427052e-05,0.0435728007
K/Qx dis,A-high + BDFD,42,936,13379.280828000014,0.6761816599032981,0.32381834038441576,F,0.3296982532051283,0.024246312403162586,0.572759
K/Qx dis,Air,42,1031,10085.569702999983,0.9949229028894516,0.005077097790820423,F,0.00701249418040737,0.0003183256214411689,0.479778868224
K/Qx dis,Air + BDFD,42,995,9780.624424999996,0.5331209083083785,0.4668790902665429,F/C,0.4419151577889449,0.19580115241000073,0.92674
K/Qx dis,Air + Gutshot,33,363,3623.394431000001,0.0026541627384960714,0.9973458383838384,C,0.006514761707988981,0.0,0.0
K/Qx dis,Air + Gutshot + BDFD,33,237,3572.300957000001,0.0,1.0,C,0.0,0.0,0.0
K/Qx dis,Top pair + BDFD,42,524,11031.661363999994,0.00018770174319727892,0.9998123040391156,C,0.00015226812977099243,0.0,0.0
K/Qx dis,Third pair,42,66,322.576131,0.030903325396825398,0.9690966746031746,C,0.04896018181818182,0.011560312272485319,0.2966865419847
K/Qx dis,Air + OESD,17,23,257.546735,0.0,1.0,C,0.0,0.0,0.0
K/Qx dis,Top pair,42,1715,17093.532255999995,0.07391492823931246,0.9260850758379296,C,0.07536060058309035,0.00164228163358969,0.18766501233479999
K/Qx dis,Air + OESD + BDFD,17,69,761.830329,0.0,1.0,C,0.0,0.0,0.0
K/Qx dis,Third pair + BDFD,42,163,1612.7827490000006,0.0,1.0,C,0.0,0.0,0.0
K/Qx dis,Two pair+,42,412,6883.721051,0.0,1.0,C,0.0,0.0,0.0
K/Qx dis,Two pair+ + BDFD,27,34,529.217837,0.0,1.0,C,0.0,0.0,0.0
K/Qx dis,Second pair,42,186,1074.561089,1.2963095238095238e-05,0.9999870369047619,C,1.1725806451612872e-05,0.0,0.0
K/Qx dis,Second pair + BDFD,42,372,3588.146898999998,0.0,1.0,C,0.0,0.0,0.0
K/Qx dis,Underpair,42,994,7485.353706000007,0.021034852229780802,0.9789651464474678,C,0.01599837273641851,0.0018030580213158095,0.190189054712
K/Qx dis,Overpair,42,378,10393.6535,0.00017546626984126987,0.9998245337301587,C,0.00015116666666666683,0.0,0.0
K/Qx con,A-high + Gutshot,7,38,657.95007,0.13847181868131866,0.8615281868131868,C,0.6632071184210526,0.1253919642928889,0.5266911000000001
K/Qx con,A-high + Gutshot + BDFD,7,42,965.2976,0.0,1.0,C,0.0,0.0,0.0
K/Qx dis,A-high + Gutshot,6,12,227.4744,0.0,1.0,C,0.0,0.0,0.0
K/Qx dis,A-high + Gutshot + BDFD,6,36,808.2593,0.0,1.0,C,0.0,0.0,0.0
BBB,A-high + OESD,1,2,32.1087,0.5,0.5,F/C,0.5,0.25980231413915855,0.29098835
BBB,A-high + OESD + BDFD,1,6,91.1559,0.0,1.0,C,0.0,0.0,0.0
BBB,Overpair + OESD,1,6,70.828,0.0,1.0,C,0.0,0.0,0.0
BBx,Third pair + OESD,3,3,7.18652,0.0,1.0,C,0.0,0.0,0.0
BBx,Third pair + OESD + BDFD,3,6,33.07427,0.0,1.0,C,0.0,0.0,0.0
BBx,Weak pair + OESD,2,12,77.83927,0.0,1.0,C,0.0,0.0,0.0
BBx,Second pair + OESD,3,3,35.6914,0.0,1.0,C,0.0,0.0,0.0
BBx,Top pair + OESD,3,21,92.10947599999999,0.0,1.0,C,0.0,0.0,0.0
BBx,A-high + OESD,5,53,870.2125299999999,0.0,1.0,C,0.0,0.0,0.0
BBx,Second pair + OESD + BDFD,3,6,105.9657,0.0,1.0,C,0.0,0.0,0.0
BBx,Top pair + OESD + BDFD,3,6,107.0177,0.0,1.0,C,0.0,0.0,0.0
BBx,A-high + OESD + BDFD,5,15,344.48570000000007,0.0,1.0,C,0.0,0.0,0.0
BBx,Overpair + Gutshot,3,18,424.65130000000005,0.0,1.0,C,0.0,0.0,0.0
BBx,2 overcards + Gutshot,23,377,7816.5832000000055,0.4305023795986623,0.5694976053511706,F/C,0.1487523435013263,0.0029112314942209656,0.036217795505999996
BBx,2 overcards + Gutshot + BDFD,23,87,2554.408699999999,0.0,1.0,C,0.0,0.0,0.0
BBx,Underpair + OESD,1,6,70.91799999999999,0.0,1.0,C,0.0,0.0,0.0
K/Qx con,Second pair + Gutshot,1,2,6.106159,0.0,1.0,C,0.0,0.0,0.0
K/Qx con,Second pair + Gutshot + BDFD,1,4,36.52521,0.0,1.0,C,0.0,0.0,0.0
K/Qx con,Underpair + Gutshot,1,12,63.636990000000004,0.0,1.0,C,0.0,0.0,0.0
K/Qx con,Top pair + Gutshot,1,20,170.13975000000002,0.0,1.0,C,0.0,0.0,0.0
K/Qx con,Top pair + Gutshot + BDFD,1,4,120.28229999999999,0.0,1.0,C,0.0,0.0,0.0
K/Qx con,2 overcards,7,91,930.8591440000002,0.9999948461538463,5.1538461538461534e-06,F,5.153846153845833e-06,0.0,0.0
K/Qx con,2 overcards + BDFD,4,12,31.615454,0.24943108333333333,0.750569,C,0.24943104166666666,0.00020019629251284552,0.5518639000000001
K/Qx dis,2 overcards,21,273,3263.189614000004,0.9982456336996337,0.0017543663003663002,F,0.0017543663003663005,0.0,0.0
K/Qx dis,2 overcards + BDFD,16,39,297.3753889999999,0.017494687499999998,0.9825053125,C,0.00717848717948718,7.788154187430086e-10,0.017815426008300002
[J-8]x con,Weak pair,12,106,190.9486250000001,1.0,0.0,F,0.0,0.0,0.0
[J-8]x con,A-high,25,157,2649.258343999998,0.99594456,0.004055433333333334,F,0.0036710987261146496,1.4998207150789832e-06,0.0002257415544
[J-8]x con,A-high + BDFD,25,282,3444.8491420000005,0.7644908477777779,0.23550915333333333,F,0.24714916843971638,0.03488809196727537,0.44608499999999995
[J-8]x con,Air,20,214,1493.943642,0.9996370500000001,0.00036295,F,0.00010176168224299077,0.0,0.0
[J-8]x con,Air + BDFD,20,325,2978.0420730000005,0.589348261728805,0.41065173975677205,F/C,0.4547481523076924,0.19638625909386093,1.212212
[J-8]x con,Air + Gutshot,24,59,409.2090090000001,0.25720082738095235,0.7427991726190477,C,0.24795283050847458,0.3886225327038104,2.5362267
[J-8]x con,Air + Gutshot + BDFD,24,127,1397.8839760000003,0.17028344444444446,0.8297165555555556,C,0.19890085039370078,0.12357035766577798,1.6884697
[J-8]x con,Air + OESD,24,43,336.93275099999994,0.07185229166666667,0.9281477083333334,C,0.07379918604651163,0.03496968391849421,1.386908
[J-8]x con,Air + OESD + BDFD,24,93,1028.5571309999998,0.013888888888888888,0.986111111111111,C,0.03225806451612903,7.688266487318731e-05,0.4003761
[J-8]x con,Weak pair + Gutshot,1,6,69.55440899999999,1.0,0.0,F,0.0,0.0,0.0
[J-8]x con,Two pair+,26,313,5631.72904,0.0,1.0,C,0.0,0.0,0.0
[J-8]x con,A-high + Gutshot,22,51,866.821843,0.3458842272727273,0.6541157727272727,C,0.30455572549019605,0.1742428716890909,2.6794357
[J-8]x con,Two pair+ + BDFD,18,73,879.1781979999998,0.0,1.0,C,0.0,0.0,0.0
[J-8]x con,A-high + Gutshot + BDFD,23,119,2943.122423000001,0.17967546376811594,0.8203245362318841,C,0.09577821008403362,0.056365339669754246,1.4636543
[J-8]x con,Weak pair + OESD,2,12,62.66585800000001,0.5,0.5,F/C,0.5,0.2059016522258572,0.615795
[J-8]x con,A-high + OESD,8,20,242.90372799999994,0.24768425,0.75231575,C,0.0990737,0.21055874817749692,1.4341324
[J-8]x con,Second pair + OESD + BDFD,7,16,101.341383,0.0,1.0,C,0.0,0.0,0.0
[J-8]x con,A-high + OESD + BDFD,8,24,543.2597000000001,0.12488729166666666,0.8751127083333333,C,0.12488729166666666,0.01718586860133855,0.2741559269202
[J-8]x con,Third pair + OESD + BDFD,5,12,56.540164999999995,0.0,1.0,C,0.0,0.0,0.0
[J-8]x con,Third pair + OESD,2,2,0.030476999999999997,0.0,1.0,C,0.0,0.0,0.0
[J-8]x con,Third pair,15,15,136.205986,0.15036653333333336,0.8496334666666667,C,0.15036653333333336,0.16941545521471632,1.526075
[J-8]x con,Third pair + Gutshot + BDFD,2,4,32.984173999999996,0.0,1.0,C,0.0,0.0,0.0
[J-8]x con,Second pair + OESD,6,10,22.708109999999998,0.0,1.0,C,0.0,0.0,0.0
[J-8]x con,Second pair + Gutshot,6,13,29.505014000000006,0.0,1.0,C,0.0,0.0,0.0
[J-8]x con,Second pair,21,37,520.011875,0.09523880952380955,0.9047611904761904,C,0.3243247297297297,0.30534823992308635,1.0311667999999998
[J-8]x con,Second pair + Gutshot + BDFD,8,19,139.811117,0.0,1.0,C,0.0,0.0,0.0
[J-8]x con,Second pair + BDFD,26,102,1417.881746,0.0,1.0,C,0.0,0.0,0.0
[J-8]x con,Top pair + OESD,8,17,89.559789,0.0,1.0,C,0.0,0.0,0.0
[J-8]x con,Top pair + Gutshot,11,41,303.43595400000004,0.0,1.0,C,0.0,0.0,0.0
[J-8]x con,Top pair,26,346,4240.853555000001,0.10751605492653452,0.8924839487447941,C,0.13326007514450872,0.02944796386914795,0.529435
[J-8]x con,Top pair + OESD + BDFD,8,16,224.21427999999997,0.0,1.0,C,0.0,0.0,0.0
[J-8]x con,Top pair + Gutshot + BDFD,12,30,434.525898,0.0,1.0,C,0.0,0.0,0.0
[J-8]x con,Top pair + BDFD,26,230,4929.349399999997,0.00010448846153846154,0.9998955115384616,C,0.00011811739130434771,0.0,0.0
[J-8]x con,Overpair + OESD,4,24,493.9308,0.0,1.0,C,0.0,0.0,0.0
[J-8]x con,2 overcards + OESD,4,82,922.8752280000001,0.026015249999999997,0.97398475,C,0.032994951219512195,0.0009568258904453046,0.0119100775485
[J-8]x con,2 overcards + OESD + BDFD,4,30,705.8890999999998,0.0,1.0,C,0.0,0.0,0.0
[J-8]x con,Overpair + Gutshot,8,48,1158.3611,0.0,1.0,C,0.0,0.0,0.0
[J-8]x con,2 overcards + Gutshot,8,220,2492.255094,0.487854782011218,0.5121452186097757,F/C,0.3853188113636363,0.1275958776658672,1.3796950000000001
[J-8]x con,2 overcards + Gutshot + BDFD,8,72,1649.44425,0.0,1.0,C,0.0,0.0,0.0
[J-8]x con,Overpair,26,600,13516.304650000005,0.023413783119658124,0.9765862104700855,C,0.006614064166666666,5.0524636395003785e-05,0.014002442416799998
BBx,2 overcards + OESD,7,104,2311.1744,0.0,1.0,C,0.0,0.0,0.0
BBx,2 overcards + OESD + BDFD,7,24,774.1218000000002,0.0,1.0,C,0.0,0.0,0.0
[J-8]x con,Underpair + OESD,4,24,305.42625999999996,0.0,1.0,C,0.0,0.0,0.0
[J-8]x con,2 overcards,25,1822,26333.37072900003,0.9969406643696814,0.003059336143138879,F,0.004702257683863886,0.0002304425617842152,0.27563499999999996
[J-8]x dis,Weak pair,50,686,1233.9951179999994,0.5663919176927537,0.43360808230724635,F/C,0.474917193877551,0.3999106081610435,1.09194105
[J-8]x dis,A-high,67,575,11821.649477999994,0.9806784480012222,0.019321551998778046,F,0.011744650434782612,6.63266799186406e-05,0.0517982607507
[J-8]x dis,A-high + BDFD,67,999,14728.664455999993,0.5799698526889365,0.4200301533878228,F/C,0.4172646341341344,0.142032604666536,0.96671755
[J-8]x dis,Air,61,598,5141.226143999996,0.9957889727698532,0.004211028049819033,F,0.002269522575250836,4.372514966549451e-05,0.080621306208
[J-8]x dis,Air + BDFD,61,963,10096.510908999975,0.4571947062273355,0.5428052964326733,F/C,0.448624515576324,0.21485892007755242,1.34500695
[J-8]x dis,Air + Gutshot,57,196,1347.8080450000002,0.052608999999999996,0.9473910000000001,C,0.030599112244897957,0.0377951393221916,2.8782082
[J-8]x dis,Air + OESD,50,157,874.8638139999996,0.0,1.0,C,0.0,0.0,0.0
[J-8]x dis,Air + OESD + BDFD,50,219,2274.0655359999996,0.0,1.0,C,0.0,0.0,0.0
[J-8]x dis,Two pair+,67,641,13324.257584999998,0.0,1.0,C,0.0,0.0,0.0
[J-8]x dis,Third pair + Gutshot + BDFD,6,14,32.996977,0.0,1.0,C,0.0,0.0,0.0
[J-8]x dis,Second pair + Gutshot,7,12,42.190073,0.0,1.0,C,0.0,0.0,0.0
[J-8]x dis,A-high + Gutshot,21,51,896.826961,0.1397650850340136,0.8602349149659865,C,0.2959006862745098,0.036116097256346055,2.2255127000000003
[J-8]x dis,Second pair + Gutshot + BDFD,7,24,146.55346500000002,0.0,1.0,C,0.0,0.0,0.0
[J-8]x dis,Two pair+ + BDFD,31,50,341.845515,0.0,1.0,C,0.0,0.0,0.0
[J-8]x dis,Air + Gutshot + BDFD,58,311,3843.350181999998,0.021765218390804596,0.9782347816091954,C,0.008961890675241158,5.688442172891758e-05,1.7311751999999998
[J-8]x dis,A-high + Gutshot + BDFD,20,117,3274.612249999999,0.0,1.0,C,0.0,0.0,0.0
[J-8]x dis,Second pair + BDFD,67,539,6340.714846999997,0.0,1.0,C,0.0,0.0,0.0
[J-8]x dis,Underpair + Gutshot,4,24,273.7962,0.0,1.0,C,0.0,0.0,0.0
[J-8]x dis,Top pair + Gutshot,9,9,71.815182,0.0,1.0,C,0.0,0.0,0.0
[J-8]x dis,Top pair + Gutshot + BDFD,9,18,198.562943,0.0,1.0,C,0.0,0.0,0.0
[J-8]x dis,Top pair,67,1099,14031.528637000016,0.007268204898446332,0.9927317972074838,C,0.008815438125568693,0.0002771816428302951,0.19314800000000001
[J-8]x dis,Top pair + BDFD,67,681,15808.050947999995,6.69457711442786e-05,0.9999330542288557,C,6.603377386196772e-05,0.0,0.0
[J-8]x dis,Overpair,67,1674,42014.222989999915,0.0001937669568822554,0.999806233872305,C,0.0001607954002389487,0.0,0.0
[J-8]x dis,2 overcards + Gutshot,33,423,7141.101244000003,0.047187163170163166,0.9528128356643356,C,0.10769834869976365,0.011601117725556637,0.7839314
[J-8]x dis,2 overcards,67,4807,74745.61117400012,0.9953533482127516,0.004646651331027345,F,0.005507285105055126,7.456006973402719e-05,0.235442
[J-8]x dis,2 overcards + Gutshot + BDFD,33,153,4660.60088,0.0,1.0,C,0.0,0.0,0.0
[J-8]x dis,Third pair + BDFD,62,189,3200.583886,0.0,1.0,C,0.0,0.0,0.0
[J-8]x dis,Third pair,57,64,763.300003,0.06815192982456142,0.9318480877192982,C,0.0685083203125,0.0051880650222566865,0.303407987206
[J-8]x dis,Second pair,65,181,1343.318627,0.0,1.0,C,0.0,0.0,0.0
[J-8]x dis,Underpair,48,702,7298.141899999997,0.0,1.0,C,0.0,0.0,0.0
[J-8]x dis,2 overcards + BDFD,64,1145,19233.453703999992,0.011989759869633727,0.9880102396963384,C,0.024168500873362444,0.0014799492943421905,0.1851141666192
[J-8]x con,Underpair + Gutshot,4,48,596.04295,0.0,1.0,C,0.0,0.0,0.0
[J-8]x con,2 overcards + BDFD,24,447,6496.369461000006,0.11065969360991022,0.8893403053217136,C,0.0736230346756152,0.006089622940209054,0.9190505999999999
[J-8]x con,Third pair + BDFD,19,54,696.100996,0.0,1.0,C,0.0,0.0,0.0
[J-8]x con,Underpair,14,372,3301.169332000001,1.5306122448979592e-08,0.9999999846938775,C,2.4193548387146182e-08,0.0,0.0
[J-8]x dis,Third pair + OESD,3,3,0.489374,0.0,1.0,C,0.0,0.0,0.0
[J-8]x dis,Third pair + OESD + BDFD,3,6,39.24939,0.0,1.0,C,0.0,0.0,0.0
[J-8]x dis,Weak pair + OESD,3,18,131.89276999999998,0.0,1.0,C,0.0,0.0,0.0
[J-8]x dis,Second pair + OESD,3,3,15.631689999999999,0.0,1.0,C,0.0,0.0,0.0
[J-8]x dis,Top pair + OESD,2,2,0.10852099999999999,0.0,1.0,C,0.0,0.0,0.0
[J-8]x dis,A-high + OESD,3,3,54.8189,0.0,1.0,C,0.0,0.0,0.0
[J-8]x dis,Second pair + OESD + BDFD,3,6,31.480540000000005,0.0,1.0,C,0.0,0.0,0.0
[J-8]x dis,Top pair + OESD + BDFD,2,4,0.218165,0.0,1.0,C,0.0,0.0,0.0
[J-8]x dis,A-high + OESD + BDFD,3,9,255.8327,0.0,1.0,C,0.0,0.0,0.0
[J-8]x dis,Overpair + Gutshot,3,18,359.4750999999999,0.0,1.0,C,0.0,0.0,0.0
[J-8]x dis,2 overcards + OESD,15,105,1841.885233,0.0,1.0,C,0.0,0.0,0.0
[J-8]x dis,2 overcards + OESD + BDFD,15,54,1613.4041100000004,0.0,1.0,C,0.0,0.0,0.0
[J-8]x dis,Third pair + Gutshot,1,1,0.031368,0.0,1.0,C,0.0,0.0,0.0
[J-8]x dis,Weak pair + Gutshot,5,35,176.99065099999999,0.0,1.0,C,0.0,0.0,0.0
[7-4]x,A-high + BDFD,6,22,67.376439,0.595076462962963,0.404923537037037,F/C,0.4623519545454546,0.15760535041433685,0.47707750000000004
[7-4]x,A-high + Gutshot,10,17,169.43009600000002,0.09999949999999999,0.9000005,C,0.05882323529411765,1.1340444692239327e-07,0.533725731358
[7-4]x,A-high + Gutshot + BDFD,11,57,924.0817020000001,0.0,1.0,C,0.0,0.0,0.0
[7-4]x,Third pair + OESD,2,2,0.9193899999999999,0.0,1.0,C,0.0,0.0,0.0
[7-4]x,A-high + OESD,8,9,80.20334000000001,0.0,1.0,C,0.0,0.0,0.0
[7-4]x,A-high + OESD + BDFD,8,27,348.66067000000004,0.0,1.0,C,0.0,0.0,0.0
[7-4]x,Third pair + OESD + BDFD,2,4,6.76121,0.0,1.0,C,0.0,0.0,0.0
[7-4]x,Two pair+,20,204,1428.7052679999981,0.0,1.0,C,0.0,0.0,0.0
[7-4]x,Third pair + BDFD,16,34,410.34805499999993,0.0,1.0,C,0.0,0.0,0.0
[7-4]x,Two pair+ + BDFD,14,48,365.6184570000001,0.0,1.0,C,0.0,0.0,0.0
[7-4]x,Second pair,16,19,159.079499,0.0,1.0,C,0.0,0.0,0.0
[7-4]x,Second pair + OESD + BDFD,5,10,27.449362,0.0,1.0,C,0.0,0.0,0.0
[7-4]x,Second pair + BDFD,16,61,664.829569,0.0,1.0,C,0.0,0.0,0.0
[7-4]x,Top pair + OESD,7,7,24.124100000000002,0.0,1.0,C,0.0,0.0,0.0
[7-4]x,Top pair,19,45,389.58320499999996,5.8394736842105266e-05,0.999941605263158,C,4.931111111111079e-05,0.0,0.0
[7-4]x,Top pair + OESD + BDFD,7,14,55.77401,0.0,1.0,C,0.0,0.0,0.0
[7-4]x,Top pair + BDFD,19,106,1028.1855839999996,0.0,1.0,C,0.0,0.0,0.0
[7-4]x,Overpair + OESD,4,24,198.95041,0.0,1.0,C,0.0,0.0,0.0
[7-4]x,2 overcards + OESD,10,18,55.943192999999994,0.0,1.0,C,0.0,0.0,0.0
[7-4]x,2 overcards + OESD + BDFD,10,54,239.81386399999997,0.0,1.0,C,0.0,0.0,0.0
[7-4]x,Overpair + Gutshot,10,84,865.0224900000004,0.0,1.0,C,0.0,0.0,0.0
[7-4]x,2 overcards + Gutshot,16,249,862.9053109999998,0.22164403409961686,0.7783559670367468,C,0.786986439759036,0.33926241936585394,0.7589638
[7-4]x,2 overcards + Gutshot + BDFD,16,210,1209.8678920000007,6.249999999999999e-07,0.999999375,C,1.5714285714284321e-06,0.0,0.0
[7-4]x,Overpair,20,822,9651.074350000006,2.7945833333333333e-05,0.9999720541666667,C,2.9139902676399096e-05,0.0,0.0
[7-4]x,2 overcards,20,2203,12982.444799999976,0.9946150900989542,0.005384908246282455,F,0.00596218202451203,0.0004040950637093821,0.855049
[7-4]x,2 overcards + BDFD,20,944,7012.253431000001,0.26931975754744686,0.7306802393640297,C,0.2553866557203391,0.029191096631915936,0.3784381646821
[7-4]x,A-high,6,8,17.59847,1.0,0.0,F,0.0,0.0,0.0
[7-4]x,Third pair,15,15,74.111701,9.066666666666667e-06,0.9999909333333333,C,9.0666666666675e-06,0.0,0.0
[7-4]x,Weak pair + OESD,4,24,28.041503000000002,0.0,1.0,C,0.0,0.0,0.0
[7-4]x,Second pair + OESD,4,4,9.80922,0.0,1.0,C,0.0,0.0,0.0
[7-4]x,Air + OESD,8,8,34.119026,0.0,1.0,C,0.0,0.0,0.0
[7-4]x,Air + OESD + BDFD,8,24,124.64425,0.0,1.0,C,0.0,0.0,0.0
[7-4]x,Second pair + Gutshot + BDFD,10,21,208.878156,0.0,1.0,C,0.0,0.0,0.0
[7-4]x,Top pair + Gutshot,12,14,112.358169,0.0,1.0,C,0.0,0.0,0.0
[7-4]x,Top pair + Gutshot + BDFD,13,30,246.41425100000004,0.0,1.0,C,0.0,0.0,0.0
[7-4]x,Weak pair + Gutshot,4,30,18.750008999999995,0.0,1.0,C,0.0,0.0,0.0
[7-4]x,Second pair + Gutshot,9,10,66.716482,0.0,1.0,C,0.0,0.0,0.0
[7-4]x,Air + Gutshot,7,9,43.088707,0.0,1.0,C,0.0,0.0,0.0
[7-4]x,Air + Gutshot + BDFD,7,27,201.11728399999998,0.0,1.0,C,0.0,0.0,0.0
[7-4]x,Air,4,6,20.069199,1.0,0.0,F,0.0,0.0,0.0
[7-4]x,Air + BDFD,4,18,113.61258000000001,0.12292354166666668,0.8770764583333334,C,0.16389805555555556,0.0024631599613112788,0.0467652985844
[7-4]x,Underpair + OESD,3,18,73.86140999999998,0.0,1.0,C,0.0,0.0,0.0
[7-4]x,Underpair + Gutshot,4,36,191.01671999999996,0.0,1.0,C,0.0,0.0,0.0
[7-4]x,Underpair,3,36,171.924122,0.0,1.0,C,0.0,0.0,0.0
[7-4]x,Third pair + Gutshot,4,4,37.17905,0.0,1.0,C,0.0,0.0,0.0
[7-4]x,Third pair + Gutshot + BDFD,4,8,128.1885,0.0,1.0,C,0.0,0.0,0.0
