hand,flop5,reach,solver_F_pct,candidate_F_pct,solver_C_pct,candidate_C_pct,solver_R_pct,candidate_R_pct,source_loss_bb,oracle_regret_bb,p99_oracle_regret_bb,max_oracle_regret_bb
Two pair+,ABB,20022.35796,0.0,0.0,56.828743195349,50.0,43.17125638356673,50.0,0.0023320037153106822,0.008263491232600553,0.044620000000000104,0.14756
Two pair+,Axx,54381.429275,0.0,0.0,26.870495282624493,50.0,73.12950388785059,50.0,0.02724679412290169,0.03183824600326519,0.22410000000000138,1.0387
Two pair+,BBB,15916.66724,0.0,0.0,64.10843697155553,50.0,35.89156239209704,50.0,0.004063972630166883,0.009812428897731347,0.0823599999999999,0.1353200000000001
Two pair+,Bxx,190427.81617,0.0,0.0,20.36255261229684,0.0,79.63744748804093,99.99999999999999,0.0017929361557223959,0.005317778129317915,0.062299999999999044,0.3030799999999999
Two pair+,[9-2]xx,42470.526609,0.0,0.0,29.571651368595585,50.00000000000001,70.42834799167446,50.00000000000001,0.014185173480987495,0.023194286328211015,0.384099999999998,0.6271500000000003
Overpair,Bxx,8350.6436,0.0,0.0,65.97092496469374,50.0,34.02907699015199,50.0,0.000976325740514805,0.0042823199768697974,0.013654999999999973,0.014014999999999844
Overpair,[9-2]xx,46418.1919,0.0,0.0,81.44683285176345,100.0,18.55316719633601,0.0,-0.0009626388997315983,0.0006544561298174998,0.01115000000000066,0.02210000000000001
Top pair,ABB,14606.7424,9.24337511260827,0.0,86.03199358335505,100.0,4.724632660968951,0.0,-0.0023430232193331125,0.00037401090275269056,0.0079134,0.011300300000000001
Top pair,Axx,210233.142416,0.0,0.0,96.195736660557,100.0,3.804262874313555,0.0,-0.00016474507614607794,0.0006116781722028962,0.011979999999999791,0.17400999999999983
Top pair,BBB,6979.6252,30.69347205668436,32.857629661833414,67.46097648379313,67.14237033816657,1.8455514595224967,0.0,0.00029925121224144973,0.002492264098420356,0.031335600000000005,0.031335600000000005
Top pair,Bxx,520191.17496,0.0005612922953228719,0.0,90.02879481857835,100.0,9.970643828177927,0.0,-0.00015997631549013915,0.001116945908919691,0.018850000000000477,0.27235000000000015
Top pair,[9-2]xx,67549.00569,0.0,0.0,75.50284167844931,50.0,24.49715810923453,50.0,0.005970653480626388,0.00880684086406291,0.10457999999999998,0.2174645
Underpair,Axx,41003.6505,8.927490991457699,0.0,88.76255988810118,100.0,2.309947405439913,0.0,0.0003179525155805984,0.0033815807074357926,0.051001200000000003,0.0705652
Underpair,Bxx,191088.0335,0.693059866740478,0.0,97.28091316171643,100.0,2.026026876660804,0.0,-5.1705423205427713e-05,0.00037862158527608703,0.010609000000000002,0.0472597
Underpair,[9-2]xx,28854.1864,0.0,0.0,90.6460982542471,100.0,9.35390169372511,0.0,-0.0005215641450602449,0.0006766700352050126,0.012241999999999998,0.015582999999999991
Second pair,ABB,11374.9468,75.5481502310868,100.0,21.91601435595725,0.0,2.535833951888021,0.0,0.011571049706954351,0.017295635398981383,0.130447,0.141281
Second pair,Axx,124344.94904,16.938061332517538,0.0,69.79529675686962,100.0,13.266642160077126,0.0,0.004983288378352098,0.015126882188333125,0.2011099,0.2690023
Second pair,BBB,2367.9475,76.47806056338241,100.0,23.228965117579676,0.0,0.2929712442231088,0.0,0.0153361034886926,0.0212209360245698,0.123116,0.161437
Second pair,Bxx,342773.03688,1.672036072317375,0.0,80.09705891639848,50.0,18.230904967083106,50.0,0.01741736202198735,0.01973667114909789,0.18771145,0.3859164
Second pair,[9-2]xx,54927.083582,0.0,0.0,85.01350897212217,100.0,14.986490605527719,0.0,-0.0013077565963674704,0.0006881141694933527,0.015609999999999857,0.07617000000000011
Weak pair,Axx,112008.8531,95.02592533470393,100.0,4.9518860343170505,0.0,0.022188314038544512,0.0,0.0010291987837684217,0.002969765305075872,0.0419361,0.0639196
Weak pair,Bxx,289523.826,69.32711338302376,45.76969513382984,30.672865609845832,54.23030486617016,2.0888378561286353e-05,0.0,0.0006995049195455641,0.0028580772646607327,0.0420422,0.162987
Weak pair,[9-2]xx,30112.3583,13.774672645343758,0.0,86.05391289231073,100.0,0.17141556429673596,0.0,-0.0021325535431969624,0.00012326503452902922,0.0053635,0.0066782
Third pair,ABB,6457.10755,96.83149927099636,100.0,2.9686605949687177,0.0,0.19984401440703897,0.0,0.0006415226576735603,0.0015430145602886853,0.040349,0.0762838
Third pair,Axx,70119.523556,31.451517792424877,23.27255392282774,50.38880713047785,76.72744607717226,18.159675015405046,0.0,0.0015985475563968982,0.006125677120532175,0.064208,0.18961509999999998
Third pair,BBB,2464.3925,100.0,100.0,0.0,0.0,0.0,0.0,0.0,0.0,0.0,0.0
Third pair,Bxx,225171.67678,8.423375864945843,0.0,76.42816423127887,100.0,15.148459206959599,0.0,0.00585037309333672,0.009627302640220273,0.1885775,0.40003869999999997
Third pair,[9-2]xx,37393.945135,1.4787394001988872e-07,0.0,92.11048839384462,100.0,7.8895114425620925,0.0,-0.0010559236920745223,0.000197039088085485,0.007585999999999959,0.055129000000000074
Low pocket pair,ABB,40695.164,100.0,100.0,0.0,0.0,0.0,0.0,0.0,0.0,0.0,0.0
Low pocket pair,Axx,109048.3775,99.66953494360584,100.0,0.33046505639416784,0.0,0.0,0.0,6.660520407824693e-05,0.0003291516216626882,0.0168558,0.038640600000000004
Low pocket pair,BBB,22749.312,100.0,100.0,0.0,0.0,0.0,0.0,0.0,0.0,0.0,0.0
Low pocket pair,Bxx,269583.2971,97.67379103044303,100.0,2.3261629961080774,0.0,4.603229437243944e-05,0.0,0.0003249934436223455,0.000803059342498115,0.0242374,0.0424122
Low pocket pair,[9-2]xx,24781.13206,83.28639105974726,99.99999999999999,16.71348310836531,0.0,0.00012657080767762148,0.0,0.005966292479375756,0.011818494936318095,0.0621294,0.0682337
OESD,ABB,3208.19284,4.651421933414701,0.0,40.37472829086795,50.00000000000001,54.97384957915715,50.00000000000001,0.0159406320099752,0.023791225710297403,0.46392605,0.46392605
OESD,Axx,13940.25261,0.0,0.0,27.0697269143772,0.0,72.93027202836005,100.0,0.00026051961171025674,0.004695125338040749,0.03141999999999996,0.04220000000000006
OESD,BBB,22358.72437,18.310184780806395,0.0,62.83755620859344,100.0,18.852260079861523,0.0,0.029315042798557567,0.03281300177287798,0.6097637,0.6177731
OESD,Bxx,156626.78186,1.658449818731052,0.0,40.82277128547075,50.0,57.51877890851276,50.0,0.008024804640675445,0.011348336717965578,0.19794245,0.736281
OESD,[9-2]xx,45983.00924,0.0030144319879444235,0.0,43.09267162380032,50.0,56.90431430134274,50.0,0.0009233794365937475,0.00632142065044077,0.039071500000000016,0.1353900000000003
Gutshot,ABB,55895.18479,38.086594065543125,40.348017015653205,48.23688787977319,59.6519829843468,13.676520720229217,0.0,-0.0001281294214584979,0.005735679222376893,0.0741869,0.1673280000000001
Gutshot,Axx,124950.11876,14.893104489235093,0.0,54.968994560934036,100.0,30.13790028327672,0.0,0.007516234507613004,0.011905965118077691,0.2610092,0.515834
Gutshot,BBB,36953.88784,57.676423069962155,56.28189972879454,37.9545208590001,43.71810027120545,4.369056781851995,0.0,0.011463134308543448,0.014368888381403553,0.5174915,0.6244984
Gutshot,Bxx,441447.171006,14.998725764832761,0.0,51.11438980376359,50.0,33.88688477290712,50.0,0.05379975211125835,0.05727542075959717,1.02756635,1.76049175
Gutshot,[9-2]xx,113069.130071,4.476230534227517,0.0,50.38964411416251,100.0,45.134124299348194,0.0,0.009735878457207017,0.013896517953049794,0.4603828,0.7918564
2 overcards + BDFD,Bxx,8426.65785,5.53271544067735e-08,0.0,71.72273686740527,50.0,28.277262735419832,50.0,0.01252260601911535,0.015459308861637771,0.16068100000000002,0.18591799999999994
2 overcards + BDFD,[9-2]xx,57496.816263,29.505663051665096,34.7686705548328,52.63611801999931,65.2313294451672,17.85821969425122,0.0,0.008921073831860993,0.013296141316170847,0.21521300000000002,0.47884099999999996
Air,ABB,43917.9001,100.0,100.0,0.0,0.0,0.0,0.0,0.0,0.0,0.0,0.0
Air,Axx,459458.27191,99.18684231515468,100.0,0.7640394490579865,0.0,0.049118247658452525,0.0,0.0003084225885045505,0.0005297269126851163,0.0127562,0.417464
Air,BBB,21782.1204,100.0,100.0,0.0,0.0,0.0,0.0,0.0,0.0,0.0,0.0
Air,Bxx,1644828.30844,88.04253548919803,98.68905490686436,10.236278516270312,1.310945093135632,1.7211860288906675,0.0,0.006119644528049855,0.006928902790488465,0.19945600000000002,0.693785
Air,[9-2]xx,452923.921841,73.83722690960066,97.37415878992255,23.511710789725463,2.6258412100774597,2.651062022045401,0.0,0.020559531756292583,0.022063880514187804,0.317812,0.45441200000000004
