flop_category,hand_category,boards_present,active_combos,reach_sum,mean_fold_frequency,mean_call_frequency,mean_raise_frequency,policy,bdfd_rule,bdfd_boards_present,no_bdfd_boards_present,bdfd_mean_continue_frequency,no_bdfd_mean_fold_frequency,mean_local_loss_bb,max_combo_loss_bb
ABB,Low pocket pair,6,288,11820.396820000005,0.9999182291666666,8.177083333333333e-05,0.0,F,False,0,0,,,0.0,0.0
ABB,Top pair,6,144,2875.8020500000007,0.02425347222222222,0.9349184999999999,0.04082802083333333,C,False,6,6,0.9999999895833332,0.07276041666666666,0.00201275454531802,0.05619412449629999
ABB,Air,6,220,3350.599230999999,0.9982072380952381,0.0017927619047619046,0.0,F,False,6,6,0.0023903492063492063,1.0,0.0,0.0
ABB,Second pair,4,21,280.78433,0.2811704583333333,0.7187072916666667,0.00012225,BDFD,True,4,4,0.9999499375,0.84341125,0.0004715649701643399,0.019747394024399997
ABB,Gutshot,6,334,9802.066693,0.06801351263998645,0.8093873714630985,0.12259912179518355,C,False,6,6,0.9310347628098022,0.06833012177178135,0.010316177979717876,1.0194828
ABB,Two pair+,6,163,4359.694940000001,0.0,0.757531724791523,0.2424682959426041,C,False,6,6,1.0,0.0,0.0009498580772099398,0.020301356400000258
ABB,Third pair,5,24,425.95293999999996,0.3279928,0.6716945333333333,0.00031263333333333336,BDFD,True,5,5,0.95487505,0.8937286,0.0013553907801867186,0.046481613860000014
A[K/Q]x,Low pocket pair,14,336,9154.868199999999,0.87295946638322,0.11188870368480726,0.015151795918367348,F,False,0,0,,,0.0009869302678754026,0.0215348949326
A[K/Q]x,Top pair,16,744,16997.15890999998,0.0,0.9038168905381944,0.09618310269097223,C,False,16,16,0.9999999868055555,0.0,0.0005846169786401324,0.019697509050000405
A[K/Q]x,Air,16,660,8886.097220000016,0.9200099480975622,0.07719505217074592,0.0027949970170454545,F,False,16,16,0.10665339891705516,1.0,0.003890477853462504,0.389243
A[K/Q]x,Second pair,16,330,9309.642479999997,0.0020808715277777774,0.849538917782738,0.1483802085813492,C,False,16,16,0.9999999937499999,0.003121307291666666,0.0009666412446829147,0.029882405189999517
A[K/Q]x,Third pair,14,144,1863.1239600000006,0.00019065119047619045,0.45301099047619037,0.5467983642857145,R/C,False,14,14,1.0,0.0005719535714285715,0.006773166510025845,0.2550899999999999
A[K/Q]x,Two pair+,16,236,5230.1334499999975,0.0,0.5602192140668766,0.4397807689513306,C/R,False,16,16,1.00000003125,0.0,0.005167040158930462,0.16359999999999958
A[K/Q]x,Weak pair,16,576,26189.9424,0.7897894857680224,0.20333859781746033,0.006871910263723545,F,False,0,0,,,0.0008020109172937308,0.0332049769614
A[K/Q]x,Gutshot,16,228,7247.031599999996,0.0,0.6196155640625,0.3803844424479167,C/R,False,16,16,0.9999999947916666,0.0,0.0010895775264120498,0.08170984728999997
ABB,OESD,3,16,135.81041000000002,0.024664500000000002,0.8679117500000001,0.10742375,C,False,3,3,1.0000000000000002,0.09865800000000001,0.003341375669971105,0.01956557133999972
A[K/Q]x,OESD,2,8,152.2798,0.0,0.6290591249999999,0.370940875,C/R,False,2,2,1.0,0.0,0.0,0.0
A[J-T]x,Low pocket pair,14,336,6803.97429,0.9391658937074829,0.05695727494331066,0.0038768392857142855,F,False,0,0,,,0.0005181310638084035,0.0160835894118
A[J-T]x,Top pair,16,792,14229.141599999988,0.0,0.9155477738425926,0.08445222893518518,C,False,16,16,1.0000000104166666,0.0,0.0010292157302224784,0.0488062622399994
A[J-T]x,Air,16,568,6075.905147999998,0.9130096726393399,0.08445469036571068,0.002535627730429293,F,False,16,16,0.1159870907948533,1.0,0.005812297160075036,0.298779529757
A[J-T]x,Gutshot,16,452,9683.613489999996,0.0019360099206349205,0.705868128782242,0.29219585549975197,C,False,16,16,0.9999999861111113,0.003179354513888888,0.0023606911373046375,0.5770908458159999
A[J-T]x,Third pair,14,141,1420.77858,0.015550023809523809,0.5789247313492064,0.4055252507936508,C/R,False,14,14,1.0000000089285714,0.04665007142857142,0.016421269604293166,0.39603740292960005
A[J-T]x,OESD,5,40,468.19416000000007,0.0,0.4792902333333333,0.5207097666666666,R/C,False,5,5,0.9999999999999999,0.0,0.007723833968536861,0.3438200000000002
A[J-T]x,Two pair+,16,222,5099.981959999999,0.0,0.5586280883675181,0.4413719145349587,C/R,False,16,16,1.0,0.0,0.0010940320470423782,0.05240000000000009
A[J-T]x,Weak pair,15,384,16126.660700000002,0.8253393031349207,0.1706489714285714,0.0040117097883597885,F,False,0,0,,,0.0010567518314369341,0.027534691803
A[J-T]x,Second pair,16,207,4948.239230000002,0.011360118402777779,0.6761063326388888,0.31253355208333333,C,False,16,16,1.0000000125000001,0.034080355208333336,0.00527968089510049,0.08921412911999997
A[J-T]x,Underpair,16,144,2895.6229300000005,0.10858226041666667,0.8908473177083334,0.0005704322916666667,C,False,0,0,,,0.010170603237430593,0.052009022354800004
A[9-2]x,Low pocket pair,18,312,4556.930999999999,0.7595499640432098,0.2323484151234568,0.008101635802469136,F,False,0,0,,,0.007436536502488068,0.07429890510539999
A[9-2]x,Top pair,28,1476,22949.41884399999,0.0,0.9717636008597885,0.02823640128968254,C,False,28,28,0.9999999929138321,0.0,7.196705005246934e-05,0.012480447060000089
A[9-2]x,Air,28,1700,28614.892064000025,0.804963479682926,0.19073458863808643,0.004301932141035164,F,False,28,28,0.3107898141606409,0.97614485858454,0.01490462133054984,0.550049190215
A[9-2]x,Gutshot,28,352,3973.993832000002,0.0,0.641119293379622,0.3588806949381703,C/R,False,28,28,0.9999999890873015,0.0,0.017038238828999564,0.38716000000000006
A[9-2]x,OESD,16,100,944.9936000000002,0.0,0.6435645078124999,0.35643549218750004,C/R,False,16,16,1.0000000104166666,0.0,0.0034073365294770403,0.11053271004000038
A[9-2]x,Third pair,19,144,1198.4306599999995,4.385964912280701e-09,0.7566949248538011,0.2433050678362573,C,False,19,19,1.0000000175438597,1.3157894736842104e-08,0.0017076583706449229,0.1302133144500001
A[9-2]x,Second pair,27,297,2730.3378889999994,0.0,0.639823142798354,0.360176837037037,C/R,False,27,27,0.99999997345679,0.0,0.009921086436752451,0.20593138019999985
A[9-2]x,Two pair+,28,308,5683.44457,0.0,0.8150278734693875,0.18497212653061218,C,False,28,28,0.9999999880952377,0.0,0.0007987103171685552,0.1944999999999993
A[9-2]x,Underpair,28,816,24054.405520000008,0.10826747813208615,0.876700730909864,0.015031774404761904,C,False,0,0,,,0.004576216113542785,0.05528464840080001
A[9-2]x,Weak pair,18,312,9046.889900000002,0.5084972813271604,0.4667829944444444,0.02471972777777778,F/C,False,0,0,,,0.0051497037137595725,0.096297432044
BBB,Low pocket pair,4,162,5929.5412000000015,1.0,0.0,0.0,F,False,0,0,,,0.0,0.0
BBB,Gutshot,4,304,7749.038053000004,0.3129467741769866,0.635899922626419,0.051153306916924664,C/F,False,4,4,0.7200741574724396,0.3448808315602837,0.27167448982396974,1.3926559862399999
BBB,Air,4,116,1797.3235490000004,1.0,0.0,0.0,F,False,4,4,0.0,1.0,0.0,0.0
BBB,Top pair,3,9,36.13548,1.2555555555555555e-05,0.9999874444444444,0.0,C,False,3,3,1.0,3.766666666666666e-05,0.0,0.0
BBB,OESD,4,112,3550.7465789999997,0.023746245244565214,0.7932824231466914,0.1829713270320843,C,False,4,4,1.0000000227272727,0.042695783333333334,0.0014571761692448021,0.3482502
BBB,Two pair+,4,129,3760.0004900000013,0.0,0.7503122408068783,0.24968776560337813,C,False,4,4,1.0,0.0,0.0017338622636941872,0.2150987475000008
BBB,Third pair,2,6,22.66619,0.24652816666666666,0.7534718333333333,0.0,BDFD,True,2,2,1.0,0.7395845,0.00032283481222397236,0.001267753504
BBx,Low pocket pair,41,948,28822.162230000027,0.9583392995741387,0.041176335888501746,0.00048434214092140927,F,False,0,0,,,9.751535633216689e-05,0.0047259190524000004
BBx,Air,47,2584,49227.40080300012,0.921014222135174,0.07745663184988465,0.001529146609033002,F,False,47,47,0.10531437127855689,1.0,0.0024693762961380153,0.41173580436400004
BBx,Top pair,47,1128,31384.988080999985,0.0,0.8354241032646629,0.16457590089215357,C,False,47,47,1.0000000035460994,0.0,0.0005311547861983365,0.12667012849999998
BBx,Third pair,47,486,8379.159296000007,0.01404726170212766,0.5235682424349883,0.46238448687943273,C/R,False,47,47,0.9993172230496452,0.040776239007092194,0.022411007921072472,0.825817716732
BBx,Gutshot,47,1730,46373.514136999955,0.02034025727046686,0.6570883042560037,0.32257143639053487,C,False,47,47,0.9847441424728904,0.023259588838545866,0.006846034797527005,1.5529247
BBx,Two pair+,47,567,20689.83547400001,0.0,0.43954670173634247,0.5604533007055627,R/C,False,47,47,0.999999974468085,0.0,0.011837776585573799,1.2958999999999974
BBx,Second pair,47,747,25675.736370000017,0.005066317021276596,0.8010387493920971,0.19389493243836536,C,False,47,47,0.9999999898936168,0.01519891392649903,0.001372870372585329,0.12662868456000034
BBx,Weak pair,38,1140,72010.98000000014,0.666648991798942,0.32439815992759674,0.008952856946184909,F,False,0,0,,,0.011145814293558707,0.318229
BBx,OESD,46,485,12230.216407000018,5.773913043478261e-05,0.5014447070554158,0.4984975596025829,C/R,False,46,46,0.9999999963768116,8.582843713278496e-05,0.0029373665907070257,0.2416649999999997
BBx,Underpair,20,162,5466.2229,0.0019350500000000002,0.9588169125,0.039248033333333335,C,False,0,0,,,0.0004347281173323712,0.0041914807599999545
K/Qx,Low pocket pair,42,672,16009.390780000014,0.7556386582671957,0.2302747928571429,0.014086559325396824,F,False,0,0,,,0.003114218685005994,0.127593316127
K/Qx,Air,56,4908,127724.32935600026,0.6182589242869854,0.33183204945426675,0.04990903182195239,F/C,False,56,56,0.5191515511267694,0.7799674549190216,0.06937925995993152,0.69520605
K/Qx,Gutshot,52,683,14654.887939000006,0.0010898696581196582,0.38308813279151405,0.615822003464591,R/C,False,52,52,1.0000000067918193,0.0019617653846153845,0.005578754351560162,0.24741500000000016
K/Qx,OESD,38,224,3986.461900000002,0.0,0.4750291546052631,0.5249708629385964,R/C,False,38,38,1.0000000190058478,0.0,0.00589964060285699,0.28833000000000053
K/Qx,Third pair,56,450,7299.48645,0.0003076730158730158,0.6731058385912698,0.32658650119047616,C,False,56,56,1.0000000074404762,0.0009230190476190476,0.008213239114582669,0.35264810628000054
K/Qx,Top pair,56,1716,49561.59515,0.0,0.8919320371602933,0.1080679637190356,C,False,56,56,0.9999999973214285,0.0,0.0004892853654734044,0.03269095792000058
K/Qx,Second pair,56,765,13234.587022999995,1.6944444444444444e-06,0.6068023154761905,0.39319599275793643,C/R,False,56,56,1.0000000022321427,5.0833333333333335e-06,0.014845580125766204,0.3050699999999999
K/Qx,Two pair+,56,492,16098.904639999993,0.0,0.5626520684253246,0.43734792650162346,C/R,False,27,56,1.0,0.0,0.005603485184714028,0.33304828240000006
K/Qx,Underpair,55,1500,82154.58029999983,0.048295284303751816,0.905006941212121,0.04669778018157769,C,False,0,0,,,0.0010225133384019858,0.0401822300626
K/Qx,Weak pair,42,672,30572.578400000006,0.3434330937830688,0.6092088543650794,0.04735805244708994,C/F,False,0,0,,,0.008559328660370291,0.14145724964999998
[J-8]x con,Low pocket pair,22,372,1890.5183720000007,0.5212091742424243,0.3332976358585858,0.1454931547979798,F/C,False,0,0,,,0.0434639794894161,0.5244091693200001
[J-8]x con,Air,26,1935,12893.099063,0.6348748157496225,0.2951135933033996,0.07001157218076917,F/C,False,25,26,0.4241556614173452,0.6467253740967313,0.08538682304611774,0.75142765
[J-8]x con,Gutshot,26,800,3021.622399999999,0.052242177966776555,0.35839860152161496,0.5893591954696761,R/C,False,26,26,0.9627641720274023,0.0625371880624631,0.015945277876302802,1.9814442821955
[J-8]x con,OESD,24,368,1736.2044340000002,0.0032423684836544384,0.45072461713810724,0.5460330329881162,R/C,False,24,24,0.9999425243589743,0.005086242018216438,0.012791359980526714,1.1712783724499984
[J-8]x con,Two pair+,26,370,2623.6810510000028,1.0105580693815987e-07,0.40084674363201456,0.5991531545723388,R/C,False,18,26,0.999999863888889,1.1043123543123543e-07,0.018227653217239202,2.6275045181999985
[J-8]x con,Third pair,26,168,618.0718760000002,0.02540490705128205,0.6426665820512819,0.3319285408119658,C/R,False,26,26,0.9998875176282052,0.07598973076923077,0.02062535036459775,1.2587254317505001
[J-8]x con,Second pair,26,198,1008.0602849999995,0.014141493589743592,0.6613690079059829,0.32448950555555556,C,False,26,26,0.9999599871794872,0.042344435897435896,0.029581540076779333,0.3525682125000003
[J-8]x con,Top pair,26,393,3604.907900000004,0.0009743835470085469,0.6727346675213676,0.32629095277777775,C,False,26,26,0.9999742346153845,0.001206719871794872,0.003575057422903234,0.6980466711999999
BBx,Overpair,6,36,318.480335,0.0,0.7125232777777778,0.28747675,C,False,0,0,,,0.002278274983235039,0.03901868951999994
[J-8]x dis,Low pocket pair,46,582,4116.375926999994,0.6351096096618357,0.28056706763285016,0.08432332795893721,F/C,False,0,0,,,0.06523571386264973,0.2093950040744
[J-8]x dis,Air,67,5528,49607.27886000007,0.5676994536681487,0.3496949680547539,0.08260558339725411,F/C,False,67,67,0.5406590152102666,0.6034612017820767,0.06222975370368426,0.695383803918
[J-8]x dis,Gutshot,67,1280,8016.741217000002,0.006825143112669262,0.35095818791281996,0.6422166615036177,R/C,False,67,67,0.9949803051731536,0.008487947786369977,0.0078024669187493016,1.2917398500000001
[J-8]x dis,Third pair,67,438,2578.4295709999974,0.0020981219734660032,0.6931533427860695,0.3047485570480929,C,False,67,67,0.9999439931592039,0.006182316169154229,0.010202217139630227,0.310311970657
[J-8]x dis,OESD,60,541,2255.8543039999972,1.446236559139785e-07,0.36676555366885705,0.6332343142896254,R/C,False,60,60,0.9999999653703703,2.849358974358974e-07,0.005470887306471097,0.6018450000000002
[J-8]x dis,Two pair+,67,743,8813.733457999997,0.0,0.4334141119606956,0.5665858831280319,R/C,False,43,67,1.0000000232558142,0.0,0.01032812163986005,1.2865499999999996
[J-8]x dis,Second pair,67,843,5473.278110999992,3.759286898839138e-05,0.625354707462687,0.3746076969320067,C/R,False,67,67,0.9999959929104479,0.00010479353233830844,0.014890199714540569,0.44602291595349997
[J-8]x dis,Top pair,67,1164,13966.826144000011,1.0597014925373133e-05,0.6703701003731345,0.3296192990286661,C,False,67,67,0.9999958666666664,2.355099502487562e-05,0.004167879112136646,0.8169576997999997
[J-8]x dis,Overpair,67,870,5123.496961999997,8.085199004975123e-06,0.7127418432835823,0.28725006633499167,C,False,0,0,,,0.005993060020270446,0.17604744256000018
[J-8]x dis,2 overcards + BDFD,67,1032,6854.281669000003,0.10376684975868519,0.6486356006707911,0.24759756860994175,C/R,False,0,0,,,0.041190915042186256,1.0134668174959
[J-8]x dis,Weak pair,57,924,14679.190319999963,0.3482050476120857,0.5451437254873297,0.106651249122807,C/F,False,0,0,,,0.004901040357020491,0.0808072452592
[J-8]x dis,Underpair,48,702,21041.05181000002,0.049563411342592595,0.7973983699652778,0.15303820578703706,C,False,0,0,,,0.001738331722598093,0.0465199537408
[J-8]x con,Overpair,23,294,1417.8208060000006,2.788164251207729e-05,0.7103232952898552,0.28964882487922716,C,False,0,0,,,0.009765688433965003,0.8650092497400003
[J-8]x con,2 overcards + BDFD,23,405,2177.6604239999992,0.17103060090424874,0.6035641507246376,0.225405259383129,C/R,False,0,0,,,0.031046794520413375,0.7083403881067001
[J-8]x con,Underpair,14,372,8835.396089999997,0.09276975739795919,0.7485952946712019,0.15863495683106574,C,False,0,0,,,0.0028729373270263777,0.039913927159399995
[7-4]x,Low pocket pair,6,36,5.243818000000001,0.3791104444444444,0.30991325,0.31097630555555555,F/R,False,0,0,,,0.034644143613167463,0.07877062555949998
[7-4]x,Air,20,1152,825.5185700000006,0.5849635898476816,0.3449930851847566,0.07004333376405966,F/C,False,7,20,0.6370043650793651,0.590983623566842,0.08222727525954948,2.3681020658399996
[7-4]x,Gutshot,20,829,254.54650800000016,0.01454080209029513,0.5068517675441792,0.478607428074252,C/R,False,20,20,0.9998947033629063,0.02403255011446833,0.025029875304730838,0.6564980909399999
[7-4]x,OESD,19,294,69.70809999999999,1.1164430684554523e-06,0.45531787452909545,0.5446810021376042,R/C,False,19,19,0.9999999341589267,2.1194213604185905e-06,0.003616762921002087,0.85233340196
[7-4]x,Two pair+,20,296,164.73482599999994,0.0,0.26255918345936136,0.7374408235893692,R,False,18,20,1.0000000092592591,0.0,0.1868137819512338,1.3859565067200008
[7-4]x,Third pair,16,48,11.418142,0.00011408333333333335,0.7216809583333332,0.27820495833333325,C,False,16,16,0.9999685,0.00027924999999999993,0.15739080756474022,0.9345088684199997
[7-4]x,Second pair,16,93,74.48217899999997,0.00012107291666666668,0.6886729253472224,0.31120599826388884,C,False,16,16,0.999963140625,0.00028944791666666664,0.041045787989921916,0.61509587022
[7-4]x,Top pair,18,162,71.88750599999993,2.0129629629629626e-05,0.5170017135802469,0.48297819166666667,C/R,False,18,18,0.9999927638888888,4.5870370370370365e-05,0.0061542692740176996,0.31691953545000046
[7-4]x,Overpair,20,606,705.4241949999991,0.0032713266666666665,0.790775010138889,0.205953655,C,False,0,0,,,0.011508048695084427,0.9359572607700002
[7-4]x,2 overcards + BDFD,20,852,696.640214999999,0.3975887142540793,0.425228534214667,0.17718278245939492,C/F,False,0,0,,,0.07357802053701021,2.19618457328
[7-4]x,Weak pair,3,36,57.93308999999999,0.11151709259259258,0.6318214351851852,0.25666128703703706,C/R,False,0,0,,,0.06667194243092299,0.1843279998796
[7-4]x,Underpair,3,36,157.92142,0.008145268518518519,0.8177772962962963,0.17407754629629632,C,False,0,0,,,0.003282215901794193,0.018950904046999995
