flop_category,hand_category,boards_present,active_combos,reach_sum,mean_fold_frequency,mean_call_frequency,policy,mean_local_loss_bb,max_combo_loss_bb
ABB,Weak pair,6,336,3918.4664310000003,0.9365409348765433,0.06345907129629628,F,0.016544981061107033,0.7218730209600001
ABB,Top pair,6,288,5095.126430000003,0.32383465624999996,0.6761653472222222,C,0.2622633549365257,1.6028648
ABB,Air,6,128,342.45439300000004,1.0,0.0,F,0.0,0.0
ABB,Second pair,6,198,2061.3154469999995,0.5890863447293448,0.4109136737891738,F/C,0.2850458177379134,1.15663
ABB,Gutshot,6,104,1078.1024980000002,0.35654593749999997,0.643454076388889,C/F,0.1755841077766742,0.9147579
ABB,Third pair,6,135,1285.3189139999995,0.6834100132275132,0.3165899867724868,F,0.34960900090863223,1.9131900000000002
ABB,Two pair+,6,293,4661.957648,0.00010819583333333333,0.9998918041666666,C,0.0,0.0
A[K/Q]x,Weak pair,16,911,6652.663742000001,0.8156574846829882,0.18434251334941934,F,0.02706472935204875,1.0093400000000001
A[K/Q]x,Top pair,16,912,11472.51848999999,0.1876628059210526,0.8123371918859649,C,0.007261991096191774,0.2729282
A[K/Q]x,Air,16,572,2328.9975879999993,0.9729728409762732,0.02702715902372675,F,0.0024413987825459955,0.638185
A[K/Q]x,Second pair,16,688,5081.159844999999,0.6820948858702812,0.3179051155063228,F,0.4420127229531152,2.74267
A[K/Q]x,Third pair,12,108,552.5804700000002,0.004528677777777777,0.9954713291666666,C,0.0,0.0
A[K/Q]x,Two pair+,16,332,5128.481803999999,0.0,1.0,C,0.0,0.0
A[K/Q]x,Gutshot,16,596,6435.8298,0.15421230798611113,0.845787698611111,C,0.0035640321786608456,0.1574238
ABB,OESD,3,20,170.77367500000003,0.06854154166666666,0.9314584583333333,C,0.014491891100783813,0.8651465999999999
ABB,Underpair,3,24,430.0413,0.005626833333333334,0.9943731666666666,C,0.0,0.0
A[K/Q]x,OESD,2,8,169.149,0.0,1.0,C,0.0,0.0
A[K/Q]x,Underpair,8,48,129.26933199999993,0.18763572916666665,0.8123642916666666,C,0.0,0.0
A[J-T][9-5],Weak pair,10,444,3297.7915099999987,0.951098190079365,0.04890181438492064,F,0.0025093692649885537,0.253624561572
A[J-T][9-5],Top pair,10,568,7659.015863999999,0.19169474016290725,0.8083052545426066,C,0.059272587161429836,1.1885857
A[J-T][9-5],Air,10,313,2132.2749400000002,0.9757177139743589,0.024282283461538462,F,0.006331379239161947,0.5456873342139998
A[J-T][9-5],Gutshot,10,467,7024.217290999998,0.34824080752747255,0.6517591781669718,C,0.004548474494474505,0.3414543865821
A[J-T][9-5],Third pair,10,111,780.3522450000004,0.18079652722222223,0.8192034727777779,C,0.049295350068074395,0.7638752
A[J-T][9-5],OESD,5,84,862.6882029999999,0.0,1.0,C,0.0,0.0
A[J-T][9-5],Two pair+,10,206,4353.581634999999,0.0,1.0,C,0.0,0.0
A[J-T][9-5],Second pair,10,306,2248.6368250000005,0.5416736819191919,0.45832633141414136,F/C,0.3026189918326872,1.254315
A[J-T][9-5],Underpair,10,111,329.81938299999996,0.5061535583333333,0.49384643333333333,F/C,0.054328916708430465,0.35318375
A[J-T][4-2],Weak pair,6,237,1646.4217890000002,0.6880812956105119,0.3119186997598585,F,0.039315065138228,0.587262174822
A[J-T][4-2],Top pair,6,342,3567.2060289999963,0.15526078362573098,0.8447392134502926,C,0.023405846092868103,0.7090038
A[J-T][4-2],Two pair+,6,120,2023.13924,4.1666666666666676e-08,0.9999999583333333,C,0.0,0.0
A[J-T][4-2],Third pair,2,6,35.0389,0.0,1.0,C,0.0,0.0
A[J-T][4-2],Air,6,300,1456.9776750000005,0.9766263560363247,0.023373640491452987,F,0.004692753576263893,0.355812661248
A[J-T][4-2],Second pair,6,189,760.2187990000001,0.409472956060606,0.5905270494949494,C/F,0.4098086103803024,0.99175
A[J-T][4-2],Gutshot,6,304,4009.7952229999964,0.4278901220619658,0.5721098846153847,C/F,0.3075434909556533,2.95887
A[J-T][4-2],Underpair,6,53,78.21954100000002,0.47089253661616165,0.5291074494949496,C/F,0.01695953368975981,0.099105840457
A[9-7]x,Weak pair,18,464,514.0706379999998,0.5872593140499889,0.412740679862756,F/C,0.19862949874192434,0.7951015499999999
A[9-7]x,Top pair,18,1128,9880.262272000007,0.21736440578239818,0.782635595098141,C,0.006134366159739878,0.9182693000000001
A[9-7]x,Air,18,1908,14485.255786999986,0.8328481629801687,0.16715183917580057,F,0.05770117750447301,2.14483
A[9-7]x,Gutshot,16,128,786.5319100000002,0.0,1.0,C,0.0,0.0
A[9-7]x,OESD,9,52,276.51208800000006,0.0,1.0,C,0.0,0.0
A[9-7]x,Third pair,12,85,307.15156299999995,0.059327622222222216,0.9406723685185185,C,0.022447967926053726,0.8854832050113
A[9-7]x,Two pair+,18,242,3417.295117000001,0.0,1.0,C,0.0,0.0
A[9-7]x,Second pair,18,223,1123.7144589999994,5.828796296296295e-05,0.9999417120370371,C,0.0,0.0
A[9-7]x,Underpair,18,419,1747.0463200000006,0.012602067901234568,0.9873979351851853,C,0.0002461244203766169,0.038816870441999995
A[6-2]x,Weak pair,9,114,97.992562,0.12067758333333334,0.8793224236111111,C,0.10129887078870266,0.8995979000000001
A[6-2]x,Top pair,10,618,4158.794847999996,0.18965396850268207,0.810346028378199,C,0.003569914613369919,0.1988030451972
A[6-2]x,Third pair,2,8,29.990926999999996,0.0,1.0,C,0.0,0.0
A[6-2]x,Two pair+,10,138,1315.5899789999994,0.0,1.0,C,0.0,0.0
A[6-2]x,Second pair,9,75,303.537019,0.0013401234567901234,0.99865987654321,C,0.0,0.0
A[6-2]x,Underpair,10,383,1242.016327,0.025968914048155982,0.9740310877723749,C,0.0017291084150608729,0.1222230317946
A[6-2]x,OESD,4,16,66.89980999999999,0.0,1.0,C,0.0,0.0
A[6-2]x,Air,10,1152,5858.750391999998,0.8462641282371537,0.1537358745006242,F,0.04000501975612188,1.87635
A[6-2]x,Gutshot,8,48,190.81640199999998,0.0,1.0,C,0.0,0.0
BBB,Weak pair,4,204,1906.881861000001,0.9353899340277777,0.06461006597222221,F,0.09881438156825022,1.31692
BBB,Gutshot,4,140,2072.9158259999995,0.7642165277777777,0.23578348697916662,F,0.02092218227288445,0.26913608245599996
BBB,Air,4,68,201.010373,1.0,0.0,F,0.0,0.0
BBB,Top pair,4,144,1838.7981999999993,0.3289839138176638,0.6710160861823362,C,0.221143842099361,1.8469878999999998
BBB,OESD,3,31,246.73760499999997,0.363543125,0.636456875,C/F,0.3910745296297469,1.009965
BBB,Two pair+,4,208,2930.7304720000006,0.0,1.0,C,0.0,0.0
BBB,Third pair,4,95,785.8213729999998,0.5738170690613027,0.426182922605364,F/C,0.34488581849914046,0.94526
BBB,Second pair,4,98,1087.739115,0.3591325566239317,0.6408674433760684,C/F,0.3286738471708025,1.13285
BBB,Overpair,4,30,500.53939999999994,0.0,1.0,C,0.0,0.0
BBx,Weak pair,47,1909,10827.785860000025,0.9496825845470858,0.05031741524976548,F,0.030962069708785473,3.4381
BBx,Air,47,2263,28937.517742999942,0.9999956684818363,4.331518163730305e-06,F,9.48123435550028e-10,1.8170603099999998e-05
BBx,Top pair,47,2065,29036.969007999996,0.20786870131764093,0.7921313021616012,C,0.010076658231345674,1.1206436
BBx,Third pair,47,391,3455.001016,0.2525302011497959,0.7474697932946485,C,0.07283863310323088,2.1566902
BBx,Gutshot,47,1865,34702.596350999964,0.36171439585591714,0.6382855938203049,C/F,0.22550494463881873,1.8614249999999999
BBx,Two pair+,47,935,16114.245673000001,0.0,1.0,C,0.0,0.0
BBx,Second pair,47,1412,10992.815883000014,0.32475524601540157,0.6752447529353914,C,0.07178647090070905,1.0858742
BBx,Overpair,47,462,11783.179399999997,0.018825019503546103,0.9811749745862883,C,2.8211386699520127e-05,0.006441405019999999
BBx,OESD,46,814,13018.882590999994,0.007605954545454546,0.9923940454545456,C,0.0004218641227289122,0.8938736
BBB,Underpair,1,6,106.9782,0.0,1.0,C,0.0,0.0
BBx,Underpair,24,192,2445.93622,0.2325569861111111,0.7674430208333334,C,0.005657961177623368,0.0587623962734
K/Qx con,Weak pair,8,75,86.44487699999995,0.99999975,2.5e-07,F,0.0,0.0
K/Qx con,Air,14,1550,17992.792516999983,0.8659865703633177,0.1340134323170206,F,0.023539694731462182,0.671064
K/Qx con,Gutshot,14,232,3202.650462,0.03070906827731092,0.9692909327731092,C,0.0258146613293291,0.5266911000000001
K/Qx con,Top pair,14,717,8034.322741999996,0.10481077326042672,0.8951892286987422,C,0.0018739584769167442,0.20201401348700002
K/Qx con,OESD,14,76,646.4943119999999,0.0,1.0,C,0.0,0.0
K/Qx con,Third pair,14,63,272.16931500000004,0.0001776904761904762,0.9998223095238095,C,0.0,0.0
K/Qx con,Two pair+,14,170,2770.2397500000006,0.0,1.0,C,0.0,0.0
K/Qx con,Second pair,14,118,1055.50632,6.439087301587301e-05,0.9999356091269841,C,0.0,0.0
K/Qx con,Underpair,14,431,2682.7827229999953,0.0007885079365079364,0.9992114920634921,C,1.430837930828906e-05,0.007115001816199995
K/Qx con,Overpair,14,126,3437.277299999999,0.0007591250000000001,0.999240875,C,0.0,0.0
K/Qx dis,Weak pair,39,803,1989.5383420000019,0.5460451640432779,0.45395483711297313,F/C,0.14392418683123914,0.8922700000000001
K/Qx dis,Air,42,4836,63871.687415999986,0.8370681315584256,0.16293186812949653,F,0.037004402403073455,1.85348
K/Qx dis,Gutshot,35,648,8231.429087999995,0.001876872222222222,0.9981231285714285,C,0.0,0.0
K/Qx dis,Top pair,42,2239,28125.193620000016,0.05455342887436068,0.9454465753898225,C,0.0009981226958465901,0.18766501233479999
K/Qx dis,Third pair,42,229,1935.3588800000005,0.008671310580292723,0.9913286894197073,C,0.0019268161809917813,0.2966865419847
K/Qx dis,OESD,17,92,1019.377064,0.0,1.0,C,0.0,0.0
K/Qx dis,Two pair+,42,446,7412.938888000001,0.0,1.0,C,0.0,0.0
K/Qx dis,Second pair,42,558,4662.707987999991,4.321031746031746e-06,0.999995678968254,C,0.0,0.0
K/Qx dis,Underpair,42,994,7485.353706000007,0.021034852229780802,0.9789651464474678,C,0.0018030580213158095,0.190189054712
K/Qx dis,Overpair,42,378,10393.6535,0.00017546626984126987,0.9998245337301587,C,0.0,0.0
K/Qx con,2 overcards + BDFD,4,12,31.615454,0.24943108333333333,0.750569,C,0.00020019629251284552,0.5518639000000001
K/Qx dis,2 overcards + BDFD,16,39,297.3753889999999,0.017494687499999998,0.9825053125,C,7.788154187430086e-10,0.017815426008300002
[J-8]x con,Weak pair,12,124,323.1688919999997,0.9722222222222223,0.027777777777777776,F,0.013909024178849505,1.23159
[J-8]x con,Air,26,2800,36899.46393000005,0.9310857736043154,0.06891422697903027,F,0.013112591263041595,1.01637
[J-8]x con,Gutshot,26,648,9758.736595000002,0.15239256327206446,0.8476074370809058,C,0.11533394591360886,2.6794357
[J-8]x con,OESD,24,292,3780.417638000001,0.01682331770833333,0.9831766822916667,C,0.019369932810898372,1.4341324
[J-8]x con,Two pair+,26,386,6510.907237999998,0.0,1.0,C,0.0,0.0
[J-8]x con,Second pair,26,197,2231.2592450000006,0.020513012820512818,0.9794869871794872,C,0.07116372117053299,1.0311667999999998
[J-8]x con,Third pair,23,87,921.861798,0.020007217391304347,0.9799927826086956,C,0.02503129988814145,1.526075
[J-8]x con,Top pair,26,680,10221.938875999995,0.04668796897944431,0.9533120331379707,C,0.012217300824915216,0.529435
[J-8]x con,Overpair,26,672,15168.596550000007,0.008229378632478633,0.9917706192307693,C,4.502106543570433e-05,0.014002442416799998
[J-8]x con,Underpair,22,444,4202.638541999996,9.74025974025974e-09,0.9999999902597403,C,0.0,0.0
[J-8]x dis,Weak pair,54,739,1542.8785389999998,0.4901777015673644,0.5098222984326356,C/F,0.763743416577579,3.5829999999999997
[J-8]x dis,Air,67,7942,116533.66216099991,0.8879379632609478,0.11206203760048551,F,0.02388290871725255,1.775
[J-8]x dis,Gutshot,66,1251,21164.29956199999,0.02500406181885023,0.9749959377716492,C,0.007862006728493824,2.8782082
[J-8]x dis,OESD,53,547,6914.870292999993,0.0,1.0,C,0.0,0.0
[J-8]x dis,Two pair+,67,691,13666.103099999997,0.0,1.0,C,0.0,0.0
[J-8]x dis,Third pair,67,277,4036.650998000001,0.016009683250414592,0.9839903217247099,C,0.0009810236379153834,0.303407987206
[J-8]x dis,Second pair,67,765,7919.889241999991,0.0,1.0,C,0.0,0.0
[J-8]x dis,Underpair,52,726,7571.9380999999985,0.0,1.0,C,0.0,0.0
[J-8]x dis,Top pair,67,1813,30110.284396000014,0.0050135926406709875,0.9949864087785653,C,0.00012916789851180103,0.19314800000000001
[J-8]x dis,Overpair,67,1692,42373.69808999991,0.00019155675787728028,0.99980844407131,C,0.0,0.0
[J-8]x dis,2 overcards + BDFD,64,1145,19233.453703999992,0.011989759869633727,0.9880102396963384,C,0.0014799492943421905,0.1851141666192
[J-8]x con,2 overcards + BDFD,24,447,6496.369461000006,0.11065969360991022,0.8893403053217136,C,0.006089622940209054,0.9190505999999999
[7-4]x,Air,20,2257,13201.101487999971,0.9850892255535282,0.014910772861781501,F,0.004451007724053161,0.855049
[7-4]x,Gutshot,20,569,3410.4909919999996,0.11725370104129466,0.8827462995916168,C,0.08583847997087188,0.7589638
[7-4]x,Third pair,20,67,657.507906,1.1333333333333334e-06,0.9999988666666667,C,0.0,0.0
[7-4]x,OESD,17,140,883.3843429999998,0.0,1.0,C,0.0,0.0
[7-4]x,Two pair+,20,252,1794.3237249999972,0.0,1.0,C,0.0,0.0
[7-4]x,Second pair,20,125,1136.7622880000001,0.0,1.0,C,0.0,0.0
[7-4]x,Top pair,20,216,1856.4393190000003,1.386875e-05,0.99998613125,C,0.0,0.0
[7-4]x,Overpair,20,930,10715.047250000003,2.7536607142857144e-05,0.9999724633928573,C,0.0,0.0
[7-4]x,2 overcards + BDFD,20,944,7012.253431000001,0.26931975754744686,0.7306802393640297,C,0.029191096631915936,0.3784381646821
[7-4]x,Weak pair,8,54,46.79151199999999,0.0,1.0,C,0.0,0.0
[7-4]x,Underpair,10,90,436.80225200000007,0.0,1.0,C,0.0,0.0
